xml_id,type_named_id,subject_text,raw,code
68428,ReturnInventoryAcceptanceCertificate,"Блок вентиляторов Fan Unit для шасси MSS-4 внутреннего блока IDU MPR|ALCATEL||3DB18218AD**|АLCАTЕL|3HK12102BAAA [вид:имущество; ед:Штуки] | Плата управления внутреннего блока IDU MPR, Control & Switch",B11,B11
361584,StorageInventoryAcceptanceCertificate,"КАРТА БАЗОВАЯ STM16, КОЛИЧЕСТВО МОДУЛЕЙ ДО 2 OM16_1 SONET SIO16M BASE CARD|ECI TELECOM|SIO16M|X71756|*|* [ед:Штуки]",D25,D25
345596,UniversalTransferDocument,Беспроводные наушники Redmi Buds 6 Play - белые [вид:имущество; ед:шт] | Беспроводные наушники REDMI Buds 8 Active White [вид:имущество; ед:шт],B25,B25
319640,ReturnInventoryAcceptanceCertificate,"Рабочая станция ГКС G-station SFF, 8-core Intel Core i3-14100, 3,5 GHz, 16 GB RAM, 500 GB SSD, без ОС|ГКС||GSSF-316-500|| [вид:имущество; ед:Штуки]",B2,B2
258252,ReturnInventoryAcceptanceCertificate,Считыватель биометрический настольный венозный Hitachi H1|HITACHI||PC-KCA110|| [вид:имущество; ед:Штуки],B2,B2
87665,ReturnInventoryAcceptanceCertificate,"Блок кондиционера Mitsubishi Heavy Industries внутренний SRK56HE-S1 мощностью 5 kW, R-410A, с модулем аварийной сигнализации, стандарт RoHS|MITSUBISHI|SRK56HE-S1||БИОКОНД|RWA002F053B [вид:имущество; е",B2,B2
55476,ReturnInventoryAcceptanceCertificate,"Маршрутизатор B4COM B4T-MR-350, 1U, 48 x 1/10GbE SFP+ ports, 6 x 100 GbE QSFP28 ports, 800 Gbps, 2 х DC 48 V PS|БИФОРКОМ ТЕК||B4T-MR-350-DC||",B11,B11
226247,UniversalTransferDocument,Флеш-накопитель SB128GBCRW-Bl USB 3.0 128GB Smart Buy Crown синий [вид:имущество; ед:шт],B25,B25
397873,ReturnInventoryAcceptanceCertificate,"Монитор LED IPS 27"" Philips 27E1N1600AE/01, цвет черный|PHILIPS||27E1N1600AE/01||",B2,B2
178224,UniversalTransferDocument,Кабель-канал 40х16 ЭЛЕКОР белый (30м) IEK [вид:имущество; ед:м],B11,B11
78068,UniversalTransferDocument,"_ДЗИПО. ДС 1/25461458 к заказу ITFIN0021_xAPI/25461458 от 29.12.2025 г., дог. ВК-ИТ2021 от 28.01.2021г.,_в период с 01.05.2026 по 31.05.2026 [ед:ЧЕЛ.ДН]",B10,B10
50292,ReturnInventoryAcceptanceCertificate,"Модуль выпрямительный Flatpack2 2kW, 85-300 V AC/48 V DC, 2000 W|ELTEK ENERGY AS||241115.100||",D10,D10
284407,UniversalTransferDocument,"Gembird Адаптер питания, 12В/2А, 24Вт, 1 штекер 5,5х2,5 мм NPA-AC9 [вид:имущество; ед:шт] | REXANT Блок питания 5 В 15 Вт 3 А разъем 5.5х2.1 200-024-5 [вид:имущество; ед:шт]",B25,B25
195677,UniversalTransferDocument,TUM251110_1088_107,NONE,NONE
207569,StorageInventoryAcceptanceCertificate,"Мультиплексор оптический Broad Gate-20 (базовый блок), 21 x E1, 6 x FE L2, свободный слот для модуля расширения (DSLOT)|ECI TELECOM|BG-20B-L2|X34698||",B11,B11
154208,ReturnInventoryAcceptanceCertificate,"Антенна параболическая неинтегрированная Andrew ANT, 21,2-23,6 GHz, диаметр 0,6 м, двухполяризационная, высокой эффективности, с круглым фланцем, с МК|CERAGON||Am-B3-2-23-CIRC-A|| [вид:имущество; ед:Ш",B25,B25
49989,StorageInventoryAcceptanceCertificate,Система акустическая (1 колонка) JBL CLIP5 портативная цвет черный [ед:шт],B25,B25
218783,StorageInventoryAcceptanceCertificate,"Устройство (сервер) сигнализации SS7, на 4 х E1 потока, 4mtp/4096 isup, для платформ UIVR IntelleScript3|Форте-АйТи||IS-SRV-SIU-SS7-low|| | Сервер HP DL580R05 E7420, 4 Core 2,13 GHz, 2 x 2 GB RAM, 2x1",B11,B11
274395,StorageInventoryAcceptanceCertificate,Стеллаж CA-2-12VE140F под аккумуляторы 12VE140F с монтажным комплектом|СВЯЗЬ ИНЖИНИРИНГ|||СВЯЗЬ ИНЖИНИРИНГ| [ед:Штуки],B2,B2
276441,UniversalTransferDocument,Электронно-расширительный вентиль Carel E3V45SWR10 [вид:имущество; ед:шт],B19,B19
349486,ReturnInventoryAcceptanceCertificate,"Блок выпрямительный V3000 48V, 3kW|VALERE POWER||V3000A-IWN||",B11,B11
36500,UniversalTransferDocument,Чехол-накладка Krutoff Silicone Case для Honor X7d лаванда [вид:имущество; ед:шт],B25,B25
384143,StorageInventoryAcceptanceCertificate,Чехол-книжка ПУ/ПК/микрофибра/сталь/алюминий Samsung Book Cove для Samsung Galaxy Tab S11 черный [ед:шт] | Чехол-книжка ПК/ПУ Samsung Book Cover для планшета Samsung Galaxy Tab A11 цвет белый [ед:шт],B25,B25
394650,Invoice,2Мп купольная IP-видеокамера с EXIR-подсветкой до 30м и микрофоном DS-I253M(B) или Аналог [вид:имущество; ед:шт] | 2Мп купольная IP-видеокамера с EXIR-подсветкой до 30м DS-I203(D) или Аналог [вид:имущ,B11,B11
90580,StorageInventoryAcceptanceCertificate,"Гарнитура проводная Accutone UB95 USB для ПК, разъем USB, цвет черный|ACCUTONE||ZE-UB95-B-RU|| [ед:Штуки]",B2,B2
281071,StorageInventoryAcceptanceCertificate,Устройство зарядное сетевое Hoco C12Q для мобильных устройств разъем 1хUSB typeA(f) черный [ед:шт] | Кабель соединительный Red Line разъемы USB 2.0 type-C(m) - Apple Lightning(m) длина 1 м цвет белый ,B2,B2
218335,UniversalTransferDocument,"Комплект крепления ЮКС 3/3 4,8-7мм (10-15мм) для 3-х оптических каб. диам. 4,8-7мм и 3-х каб. питания диам.10-15мм, со струбциной [вид:имущество; ед:шт] | Комплект крепления ЮКС 3/3 4,8-7мм (15-22мм) ",B0,B0
248449,UniversalTransferDocument,"Am-1-23-A Антенна параболическая неинтегрированная Andrew ANT, 21,2-23,6 GHz, диаметр 0,3 м, однополяризационная, высокой эффективности, фланец UBR220, с МК [вид:имущество; ед:шт] | Am-B3-2-23-A Антен",B11,B11
77325,ReturnInventoryAcceptanceCertificate,Блок внутренний кондиционера Mitsubishi Heavy Industries SRK40HG-S-MAS с модулем аварийной сигнализации|MITSUBISHI|SRK40HG-S-MAS||*|* [вид:имущество; ед:Штуки] | Блок внутренний кондиционера сплит-сис,B2,B2
364039,StorageInventoryAcceptanceCertificate,"Шлюз IP телефонии Flyingvoice FTA5102, 2 х FXS ports, 220 V AC, SIP, T.30|FLYINGVOICE||FTA5102E2|| [ед:Штуки]",B11,B11
398675,ReturnInventoryAcceptanceCertificate,"Антенна параболическая неинтегрированная Andrew ANT, 17,7-19,7 GHz, диаметр 0,9 м, двухполяризационная, высокой эффективности, с круглым фланцем, с МК|CERAGON||Am-3-18-CIRC-A|| [вид:имущество; ед:Штук",B25,B25
66584,PerformedWorkAcceptanceCertificate,"Монтаж теплового конвектора [ед:шт] | Конвектор (Ballu) 1,5 кВт SN1002006012500397166300 [ед:шт] | Конвектор (Ballu) 1,5 кВт SN1002006012500397168117 [ед:шт]",B3,B3
311821,ReturnInventoryAcceptanceCertificate,"Монитор TFT LED HP LE2002x, диагональ 20, черный [вид:имущество; ед:Штуки] | Сканер HP SCANJET 300|HEWLETT PACKARD||L2733A|| [вид:имущество; ед:Штуки]",B2,B2
301305,UniversalTransferDocument,"_ДЗИПО. ITSERVIS0088_B2C-DIGITAL-DYNAMICLINKS/26007003 от 15.01.2026 г., дог. ВК-ИТ2021 от 28.01.2021г.,_в период с 01.03.2026 по 31.03.2026 [ед:ЧЕЛ.ДН]",D21,D21
51548,ReturnInventoryAcceptanceCertificate,"Шлюз IP телефонии Flyingvoice G508, 8 х FXS ports, 220 V AC, SIP, T.30|FLYINGVOICE||G508|| [вид:имущество; ед:Штуки]",B11,B11
174598,ReturnInventoryAcceptanceCertificate,Библиотека ленточная HP MSL6060 2 Ultrium 960 Dr Tape Library|HEWLETT PACKARD||AD610B|КРОК|AD610B [вид:имущество; ед:Штуки],B2,B2
240759,StorageInventoryAcceptanceCertificate,"Монитор LCD LED 21,5 Dell E2214H, черный|DELL|E2214H|861-BBCF|| [ед:Штуки] | Монитор LCD TFT 21,5 Dell E2216H, цвет черный|DELL|E2216H|210-AFPP|| [ед:Штуки]",B2,B2
126257,ReturnInventoryAcceptanceCertificate,"Аккумулятор APC Symmetra PX Battery Unit, 96 V, 7,2 Ah, для ИБП Symmetra серии PX|APC||SYBTU1-PLP|| [вид:имущество; ед:Штуки]",D10,D10
197557,UniversalTransferDocument,"_ДЗИПО. Заказ ITCOMMON0035_MOBILEAPP/25457368 от 24.12.2025 г., дог. ВК-ИТ2021 от 28.01.2021г.,_в период с 01.01.2026 по 31.01.2026 [ед:ЧЕЛ.ДН]",B10,B10
225163,ReturnInventoryAcceptanceCertificate,"Системный блок HP Compaq 6005 Pro SFF, AMD Athlon II X2 B24, 2,5 GHz, 2 GB RAM, 320 GB, HDD, Win7|HEWLETT PACKARD||XY166ES|| | Системный блок HP 6000 Pro SFF Celeron E3300 2,5GHz, 2GB RAM, 320GB HDD, ",B2,B2
136974,ReturnInventoryAcceptanceCertificate,"Переходник 8P8C NTSS-CP-RJ45-UTP-5e для кабеля витая пара, RJ-45(f) на RJ-45(f), на печатной плате, категория 5e|ПРОИЗВОДСТВЕННАЯ ГРУППА||NTSS-CP-RJ45-UTP-5e|| [вид:имущество; ед:Штуки]",D20,D20
261088,StorageInventoryAcceptanceCertificate,Карта интерфейсная 63хЕ1 основная 75/120 Om OME|NORTEL||NTK541BA|| [ед:Штуки],B11,B11
66197,StorageInventoryAcceptanceCertificate,"Плата модема MMU2 H, для магазина модулей доступа AMM 2p, AMM 6p, AMM 20p|ERICSSON||ROJ2081308/1|ЕRICSSОN|INF9014620/88 [ед:Штуки]",D27,D27
116984,ReturnInventoryAcceptanceCertificate,"Блок наружный кондиционера сплит-системы инверторного настенного типа Haier 1U18TL4FRA-A, с заводским низкотемпературным комплектом до -40 град|HAIER|1U18TL4FRA-A||ХAР|TD0024343RU | Блок внутренний ко",B2,B2
154471,UniversalTransferDocument,Маршрутизатор 4G 300MBPS 4G06 TENDA [вид:имущество; ед:шт],D8,D8
246624,ReturnInventoryAcceptanceCertificate,"Камера видеонаблюдения кубическая Ivideon Cute 4, цветная, внутри помещения, матрица 1/2,9"", объектив 3,6 мм, разрешение 1920 х 1080, 5 V DC|IVIDEON||",B2,B2
165061,UniversalTransferDocument,Екатеринбургский НРП Камышлов Caterpillar P33-1 Проведение диагностики неисправности (ДГУ мощностью 31-90кВА) [ед:услуга] | Екатеринбургский НРП Камышлов Caterpillar P33-1 Прогрузка ДГУ нагрузочным ре,B3,B3
197969,StorageInventoryAcceptanceCertificate,"Кабель коаксиальный LMR-400, 50 Ohm, диаметр 10 мм|KINGSIGNAL||41010400294|| KSR400 [ед:Метр]",B11,B11
154381,UniversalTransferDocument,Ежем. фикс. платеж по ФЗ№7 от 04.03.2010. за Декабрь 2025 [вид:услуга],B10,B10
355671,UniversalTransferDocument,"Apple USB-C to Lightning Cable 2 meter, A2441 [вид:имущество; ед:шт]",B2,B2
97952,ReturnInventoryAcceptanceCertificate,"Кабель витая пара UTP, 4 пары, категория 5е, жилы однопроволочные, материал жилы медь, оболочка PVC, цвет оболочки серый||КСВПВ-5e 4х2х0,52 ||| [вид:имущество; ед:Метр] | Переходник 8P8C NTSS-CP-RJ45-",B11,B11
38859,StorageInventoryAcceptanceCertificate,"Маршрутизатор сервисный Nokia 7210 SAS-Mxp, 1,5U, 22 х GE SFP ports, 2 x Combo ports, 4 x 10GE SFP+ ports, 1 x Fan Tray, с расширенным температурным диапазоном|NOKIA||3HE10076AB|| [ед:Штуки] | Маршрут",B11,B11
196648,ReturnInventoryAcceptanceCertificate,"Шлюз IP телефонии AudioCodes MP-124D/FXS/AC, 10/100Base-T RJ45, 24 порта RJ-11 (FXS), RS-232, H.323 support, Fax support, АС источник питания VoIP Gateway|AUDIOCODES|MP-124D/FXS/AC|MP124/24S/AC/SIP|| ",B11,B11
106155,StorageInventoryAcceptanceCertificate,Кабель соединительный Apple разъемы USB typeC(m) - Apple Lightning(m) длина 1 м цвет белый [ед:шт],B2,B2
140890,UniversalTransferDocument,"Гарнитура беспроводная Soundcore Space One для мобильных устройств, Bluetooth 5.3, цвет белый [вид:имущество; ед:шт] | Гарнитура беспроводная Soundcore K20i для мобильных устройств, Bluetooth 5.3, цве",B25,B25
355929,StorageInventoryAcceptanceCertificate,"Перемычка Teleconta из кабеля SF 1/2"", с разъемами 4,3-10(m) - 4,3-10(m), длина 5 м|TELECONTA||43M43MS12-5PE|NOKIA|CSV60015.78",B11,B11
18289,ReturnInventoryAcceptanceCertificate,"Переходник SK-DC-RJ45/RJ45-cat.5e для кабеля витая пара, RJ-45(f) на RJ-45(f), на печатной плате, категория 5e|NINGBO SKECH IMPORT & EXPORT||SK-DC-RJ45/RJ45-cat.5e|| [вид:имущество; ед:Штуки] | Разъем",B11,B11
161663,UniversalTransferDocument,"2444 Кабель GAL USB A - micro USB B L=1м, 2,1A, PVC, цвет: черный [вид:имущество; ед:Штука] | 6103 Кабель GAL CU-6103 USB A - 8pin, 3A, 1,2м, силикон, цвет: черный [вид:имущество; ед:Штука]",B2,B2
71164,UniversalTransferDocument,"BlackWeld _d4 (200м) ОЦ.Трос для растяжки без оплетки 144975 [вид:имущество; ед:шт] | GIGANT Веревка плетеная п/а, 16 прядей, 6 мм х 200 м HRS-13 [вид:имущество; ед:шт] | Промрукав Зажим троса одинарн",B2,B2
6199,ReturnInventoryAcceptanceCertificate,"Шлюз IP телефонии AudioCodes MP-124/FXS/AC, 10/100Base-T RJ45, 24 порта RJ-11 (FXS), RS-232, H.323 support, Fax support, АС источник питания VoIP Gateway|AUDIOCODES||MP-124/FXS/AC|| [вид:имущество; ед",B11,B11
52829,UniversalTransferDocument,Создание в Telegram канале Блогера дилблин для клиента Beeline Ссылка: https://t.me/dilbliin Период оказания услуг: 01.05.2026 - 31.05.2026 [вид:услуга] | Создание на YouTube канале Блогера дилблин дл,B23,B23
334618,Invoice,UFA250423_73_877,NONE,NONE
6936,UniversalTransferDocument,масло моторноеHAVAL MOTOR OIL C3 5W30 (200L) [вид:имущество; ед:л] | Фильтр масляный [вид:имущество; ед:шт] | Шайба под пробку [вид:имущество; ед:шт] | Элемент сменный воздушного фильтра WINGLE 7 [вид,B2,B2
47335,UniversalCorrectionDocument,Предоставления в пользование комплекса ресурсов по ДС EK_3 Свердловская область за Февраль 2026 г. по дог. VK-PLR/2022 от 11.10.2022 | Предоставление в пользование комплекса ресурсов по ДС EK_4 Свердл,D6,D6
232028,ReturnInventoryAcceptanceCertificate,"Конвертер интерфейсов RS-485, для подключения устройств с интерфейсом RS-485 к компьютеру по USB|WIREN BOARD||WB-USB485||",B11,B11
328594,StorageInventoryAcceptanceCertificate,"Комплект крепления ЮКС 3/3 4,8-7мм (10-15мм) для 3-х оптических кабелей диаметром 4,8-7 мм и 3-х кабелей питания диаметром 10-15 мм, со струбциной|ЮКС||ЮКС-3/3-4.8-7мм(10-15мм)||",B2,B2
301912,StorageInventoryAcceptanceCertificate,"Кабель витая пара UTP, 4 пары, категория 5e, многожильный, оболочка LSZH, разъемы RJ-45(m) - RJ-45(m), длина 3 м|SUPRLAN||5e-4x2-24AWG-(7x0.2mm)-LSZH-3м|| [ед:Штуки]",B11,B11
145521,StorageInventoryAcceptanceCertificate,Чехол-книжка кожзам Krutoff Magnet Book для телефона Xiaomi Redmi 14C цвет черный [ед:шт],B25,B25
149633,UniversalTransferDocument,Стекло защитное Full Glue Premium Krutoff для Honor X8d черное [вид:имущество; ед:шт],B2,B2
75569,UniversalTransferDocument,"Дата-кабель PERO DC-04 8-pin Lightning, 2А, 2м, Blue-black [вид:имущество; ед:шт] | Дата-кабель PERO DC-04 8-pin Lightning, 2А, 2м, Green-black [вид:имущество; ед:шт]",B11,B11
216272,Invoice,"Договор №Д25476/АВТЕХ-ТО-БС-З-2025 от 14.05.2025 г., к АКТу 48-ВК-НВГ 23 04 2026 [ед:шт]",B12,B12
180163,UniversalTransferDocument,Наушники AirPods 4 с активным шумоподавлением Белые [вид:имущество; ед:ШТ],B25,B25
228241,ReturnInventoryAcceptanceCertificate,"Разъем 2-pin(f) для подключения кабеля питания диаметром 7-21,5 мм сечением 2,5-16 кв.мм к выносному радиомодулю Ericsson базовых станций RBS3000/6000|HYSTRONE||GEN-765936-Z2S|| [вид:имущество; ед:Шту",D25,D25
227389,UniversalTransferDocument,"ИБП Turbosky 1KVA, Max 1000 ВxА [вид:имущество; ед:шт]",B19,B19
126493,StorageInventoryAcceptanceCertificate,"НЕТБУК ACER ASPIRE ONE D260-28KK, INTEL ATOM N450 1,66GHZ, 2 GB RAM, 160 GB HDD, 10,1|ACER||LU.SCH08.050|| [ед:Штуки]",B2,B2
209267,StorageInventoryAcceptanceCertificate,МОДЕМ SHDSL SPEEDTOUCH 605S R5 4-PORT ETHERNET SWITCH 4-WIRE|THOMSON||DSLBGP673AA|| [ед:Штуки],B11,B11
290654,StorageInventoryAcceptanceCertificate,"Кабель коаксиальный LMR-400, 50 Ohm, диаметр 10 мм|KINGSIGNAL||41010400294|| KSR400 [ед:Метр]",B11,B11
318981,UniversalTransferDocument,Аванс за да пререзакл билайн 41419 по дог. № ДГ-1010-14647-04-22,D2,D2
11513,StorageInventoryAcceptanceCertificate,"Принтер лазерный HP LaserJet Enterprise P3015DN|HEWLETT PACKARD|P3015dn|CE528A|| [ед:Штуки] | Рабочая станция Lenovo ThinkCentre M78 SFF, AMD A6-5400B, 3,6 GHz, 4 GB RAM, 500 GB HDD, DVD-ROM|LENOVO||1",B2,B2
9386,StorageInventoryAcceptanceCertificate,Чехол-корпус силиконовый Krutoff Soft Case для телефона Tecno POP 8/ Spark Go 2024 цвет черный [ед:шт] | Чехол-корпус силиконовый Krutoff Soft Case для телефона Infinix Smart 8/8 Plus цвет черный [ед:,B2,B2
51592,Invoice,2Мп купольная IP-видеокамера с EXIR-подсветкой до 30м и микрофоном DS-I253M(B) или Аналог [вид:имущество; ед:шт] | 2Мп купольная IP-видеокамера с EXIR-подсветкой до 30м DS-I203(D) или Аналог [вид:имущ,B11,B11
397492,StorageInventoryAcceptanceCertificate,"Сканер штрих-кодов лазерный Атол SB 1101, с кабелем USB, без подставки|АТОЛ|SB1101||| | Сканер штрих-кодов лазерный DBS HC-2000, с кабелем USB, с подставкой|DBS|HC-2000|||",B2,B2
169737,StorageInventoryAcceptanceCertificate,"Аккумулятор Sacred Sun серии SPG, 12 V, 45 Ah|SACRED SUN||SPG12233W|| [ед:Штуки]",D10,D10
129763,ReturnInventoryAcceptanceCertificate,"Ноутбук HP EliteBook 665 G11, 6-core AMD Ryzen 5 7535U 2,9 GHz, 16 GB RAM, 512 GB SDD, 16, Win 11 Home, цвет серебристый|HEWLETT PACKARD||8Z714AV|| [вид:имущество; ед:Штуки]",B2,B2
100214,ReturnInventoryAcceptanceCertificate,"Жесткий диск SSD V5UM631AY3T2S2, 3,2 TB, 2,5, SAS 12G, для серверов xFusion 2288v6|XFUSION||V5UM631AY3T2S2||0255YABC [вид:имущество; ед:Штуки] | Сервер xFusion 2288H V6, 2 х 26-Core 2,2 GHz, 4 х 64 GB",B11,B11
93106,UniversalTransferDocument,"Право использования ПО Xello Deception (на условиях простой (неисключительной) лицензии). Пакет Enterprise, включающий функциональные компоненты: Lures на 3000 хостов, RDS на 3 сервера, Identity Prote",NONE,NONE
339248,StorageInventoryAcceptanceCertificate,Чехол-корпус силиконовый Krutoff Soft Case для телефонаRealme Note 60/Note 60X цвет черный [ед:шт] | Чехол-корпус силиконовый Krutoff Soft Case для телефона Tecno Camon 40 цвет черный [ед:шт] | Чехол-,B25,B25
385042,UniversalTransferDocument,Игровая консоль PS5 Sony PlayStation 5 Slim 1024 ГБ с дисководом + 2-й геймпад жемчуг + зарядное устройство [вид:имущество; ед:шт],B25,B25
61222,ReturnInventoryAcceptanceCertificate,"Монитор LED IPS 23,8 Acer CB242YGbmiprx, цвет черный|ACER|CB242YGbmiprx||| [вид:имущество; ед:Штуки]",B2,B2
298225,UniversalTransferDocument,"_ДЗИПО. ITINTEGR00001_ETLEAI/26052974 от 27.02.2026 г., дог. ВК-ИТ2021 от 28.01.2021г.,_в период с 01.05.2026 по 31.05.2026 [ед:ЧЕЛ.ДН]",B10,B10
41425,ReturnInventoryAcceptanceCertificate,"Разъем 4,3-10(m) для гибкого коаксиального кабеля SF 1/2, прямой|КВАЗАРТРЕЙД||QT09-4310M|| [вид:имущество; ед:Штуки]",B2,B2
383751,UniversalTransferDocument,"_ДЗИПО. ДС24-ВК-ИТ2021, ДС 1/25438564 к Заказу ITFIN00021_CDF/25438564 от 08.12.2025 г., дог. ВК-ИТ2021 от 28.01.2021г.,_в период с 01.03.2026 по 31.03.2026 [ед:ЧЕЛ.ДН]",B10,B10
396073,UniversalTransferDocument,"_ДЗИПО. Заказ ITCOMMON0024_BIGDATA-B2C-FORECASTING/25457315 от 24.12.2025 г., дог. ВК-ИТ2021 от 28.01.2021г.,_в период с 01.03.2026 по 31.03.2026 [ед:ЧЕЛ.ДН]",D2,D2
86258,StorageInventoryAcceptanceCertificate,"Адаптер (переходник) с 4,3-10(f) на 7/16(m), прямой|DONGTONG||7/16M-4310F||QT-A43F7M [ед:Штуки]",B2,B2
87242,UniversalTransferDocument,Лицензия на право использования сервиса carrotquest.io Билайн Бизнес (id 26205) в период с 01.01.2026 по 31.01.2026 (согласно Лицензионному договору о предоставлении права пользования Сервисом Carrot ,D2,D2
312232,StorageInventoryAcceptanceCertificate,"Шлюз IP телефонии AudioCodes MP-118/FXS/AC, 10/100Base-T RJ45, 8 портов RJ-11 (FXS), RS-232, H.323 support, Fax support, АС источник питания VoIP Gateway|AUDIOCODES||MP-118/FXS/AC|| [ед:Штуки]",B11,B11
71944,StorageInventoryAcceptanceCertificate,"Фильтр сетевой Buro 500SH-1.8-B на 5 розеток (5 евро), длина кабеля 1,8 м, цвет черный|BURO||500SH-1.8-B|| [ед:Штуки]",B11,B11
119193,UniversalTransferDocument,"Вознаграждение за предоставление неисключительной лицензии на телеканал ""START Air"", согласно Договору № 4978728156 от 09.08.2022 г. за февраль 2026 г. [вид:услуга; ед:Услуга] | Вознаграждение за пред",B21,B21
178085,ReturnInventoryAcceptanceCertificate,"Блок вентиляторов, 5 х FAN для блоков управления UOSC/DUOSC на платформе CPL, 5 Fan Assembly|ООО МИР||NTT801FA001|| [вид:имущество; ед:Штуки]",B2,B2
165975,StorageInventoryAcceptanceCertificate,Телефон сотовый BQ BQ-2432 Tank SE Camouflage (камуфляж) [ед:шт] | Телефон сотовый BQ BQ-2817 Tank Quattro Power Black (черный) [ед:шт] | Телефон сотовый BQ BQ-2817 Tank Quattro Power Blue (синий) [ед,D2,D2
84303,UniversalTransferDocument,"42010602847 Перемычка Kingsignal из кабеля гибкого F 1/2"", с разъемами 4,3-10(m) - 4,3-10(m), длина 15 м [вид:имущество; ед:шт]",B11,B11
335546,UniversalTransferDocument,Чехол-книжка Krutoff Magnet Book для Honor 200 Lite чёрный [ед:ШТ],B25,B25
269757,StorageInventoryAcceptanceCertificate,"Кондиционер воздушный AIYB-010-010-020 220V, с дверью климатического шкафа GUARDIAN M VK19 18U BAT, 1000 W|ТЕЛЕКОМ ГРУПП||Тцб-0039047|| [ед:Штуки] | Кондиционер воздушный AIYB-010-010-020 220V, с двер",B25,B25
357852,UniversalTransferDocument,Флеш-накопитель SB128GBCRW-Bl USB 3.0 128GB Smart Buy Crown синий [вид:имущество; ед:шт],B2,B2
23288,ReturnInventoryAcceptanceCertificate,"Камера видеонаблюдения купольная Ivideon 2210F-MV2, цветная, уличная/внутри помещения, матрица 1/2,9, объектив 2,8 мм, разрешение 1920 х 1080, 12 V DC|IVIDEON||I881523|| [вид:имущество; ед:Штуки]",B2,B2
108123,UniversalCorrectionDocument,Модем USB 4G/WI-FI M806B черный M806BBSLRU1 Signalinks [ед:шт],D8,D8
9751,StorageInventoryAcceptanceCertificate,"Аккумулятор Sacred Sun серии SPG, 12 V, 45 Ah|SACRED SUN||SPG12233W|| [ед:шт]",D10,D10
51455,ReturnInventoryAcceptanceCertificate,"Сейф Valberg BrandMauer BM-1993KL, в-1950мм х ш-930мм х г-520мм|ПРОМЕТ|BM-1993KL||| [вид:имущество; ед:Штуки]",B2,B2
173280,UniversalTransferDocument,"VP01000637, Экран светодиодный indoor VE 0901-600 (640x960) P 1,86, 960мм х 640мм. [вид:имущество; ед:шт] | VP01000638, Экран светодиодный indoor VE 1001-6000 (640x960) P 2,5, 960мм х 640мм [вид:имуще",D25,D25
42367,UniversalTransferDocument,"_ДЗИПО. ITOSS0081_TD_NMS_CORE/26036544 от 11.02.2026 г., дог. ВК-ИТ2021 от 28.01.2021г.,_в период с 01.02.2026 по 28.02.2026 [ед:ЧЕЛ.ДН]",B10,B10
273024,UniversalCorrectionDocument,"Гарнитура проводная Apple Earpods A3046 Type-C, белый [ед:шт]",B2,B2
69116,StorageInventoryAcceptanceCertificate,"Аккумулятор Volta серии FST, 12 V, 170 Ah|VOLTA BATTERIES||FST12-170|| [ед:Штуки]",D10,D10
91838,UniversalTransferDocument,Чехол-накладка Krutoff Soft Case для Huawei Nova Y63/Y72/Y72s черный [вид:имущество; ед:шт] | Чехол-книжка Krutoff Magnet Book для Huawei Nova Y63/Y72/Y72s черный [вид:имущество; ед:шт] | Чехол-наклад,B25,B25
205423,UniversalTransferDocument,Умные часы Watch Fit 4 Pro Чёрные [вид:имущество; ед:ШТ],B25,B25
81368,StorageInventoryAcceptanceCertificate,"Устройство мониторинга УМ-30М 2G для сбора и консолидации информации с приборов учета, с поддержкой обмена данными по сетям 2G, IP20, для систем мониторинга Связь Инжиниринг М|СВЯЗЬ ИНЖИНИРИНГ||СВЮМ.4",B11,B11
158096,Invoice,2Мп купольная IP-видеокамера с EXIR-подсветкой до 30м и микрофоном DS-I253M(B) или Аналог [вид:имущество; ед:шт] | 2Мп купольная IP-видеокамера с EXIR-подсветкой до 30м DS-I203(D) или Аналог [вид:имущ,B11,B11
287587,StorageInventoryAcceptanceCertificate,"Телевизор LED Hyundai H-LED40BS5002, диагональ 40|HYUNDAI|H-LED40BS5002||| [ед:Штуки]",B25,B25
194031,ReturnInventoryAcceptanceCertificate,Блок вентиляторов BAFU-A (2 шт) для контроллеров NSN mcRNC|NSN||C111729|| [вид:имущество; ед:Штуки],B2,B2
211094,ReturnInventoryAcceptanceCertificate,"Кабель соединительный Console Cable для маршрутизатора Cisco, разъемы RJ-45(m) -USB 2.0 TypeA(m), длина 1,5 м|CISCO||CAB-CONSOLE-USB-RJ45|| [вид:имущество; ед:Штуки]",B11,B11
113052,ReturnInventoryAcceptanceCertificate,"Разьем 4,3-10 (m) для коаксиального кабеля 1/2|HENGXIN||4310M-1/2L|| [вид:имущество; ед:Штуки]",D20,D20
213231,ReturnInventoryAcceptanceCertificate,Считыватель биометрический настольный венозный Hitachi H1|HITACHI||PC-KCA110|| [вид:имущество; ед:Штуки],B2,B2
286115,UniversalTransferDocument,Ежемесячное вознаграждение за предоставление прав на телеканал The Explorers за май 2026 г. [вид:услуга],B21,B21
316437,UniversalTransferDocument,Ключ активации Next Generation Security Management Software for 5 gateways (SmartEvent & Compliance на 1 год) [вид:имущество; ед:шт] | Ключ активации для CPAP-SG9100-PLUS-SNBT Check Point Direct Enter,B11,B11
375896,ReturnInventoryAcceptanceCertificate,"Блок внутренний IDU FibeAir IP-20F, 5 х 1 GE сombo, 2 х RFU сombo, 1 х 1 GE/RFU сombo, с платой интерфейсов 16хE1, 1 х 48 V DC|CERAGON||IP-20F-RIT3-E6-T16-C|| [вид:имущество; ед:Штуки]",D25,D25
276020,ReturnInventoryAcceptanceCertificate,"Монитор LED IPS 27 Philips 27E1N1600AE/01, цвет черный|PHILIPS||27E1N1600AE/01|| [вид:имущество; ед:Штуки]",D20,D20
331598,ReturnInventoryAcceptanceCertificate,"Разъем RJ-45(m) для кабеля витая пара, универсальный, 4 пары, категория 5е, неэкранированный|DONGGUAN FANGBEI ELECTRONIC||FAN-JACK-RJ45|| [вид:имущество; ед:Штуки]",B11,B11
94408,ReturnInventoryAcceptanceCertificate,"Кабель 1 1/4"" гибкий с малыми потерями (Cu2Y-50 Ohms)|RFS||LCFS114-50JA|*|* | Кабель CELLFLEX-LCF 7/8"" Cu2Y-50|RFS||LCF78-50JA|*|*",B11,B11
9572,ReturnInventoryAcceptanceCertificate,"Переходник SK-DC-RJ45/RJ45-cat.5e для кабеля витая пара, RJ-45(f) на RJ-45(f), на печатной плате, категория 5e|NINGBO SKECH IMPORT & EXPORT||SK-DC-RJ45/RJ45-cat.5e|| [вид:имущество; ед:Штуки]",B11,B11
280654,ReturnInventoryAcceptanceCertificate,"Разъем 4,3-10(m) для гибкого коаксиального кабеля SF 1/2, прямой|КВАЗАРТРЕЙД||QT09-4310M|| [вид:имущество; ед:Штуки]",B2,B2
281645,StorageInventoryAcceptanceCertificate,Чехол-книжка кожзам Krutoff Magnet Book для телефона Xiaomi Redmi 14C цвет черный [ед:шт],B25,B25
279484,StorageInventoryAcceptanceCertificate,"Кабель CELLFLEX-LCF 7/8"" Cu2Y-50|RFS||LCF78-50JA|*|*",B5,B5
96079,StorageInventoryAcceptanceCertificate,"Блок кондиционера FUJITSU внутренний ASY12U мощностью 3,5 kW, R-410A|FUJITSU|ASY12U||ЦЕНТР| [ед:Штуки] | Блок кондиционера FUJITSU наружный AOY12U мощностью 3,5 kW, R-410A, с низкотемпературным компле",B25,B25
16466,UniversalTransferDocument,"25033327, Power Cable, UL2586, 2x12AWG, Black(2Cores:Blue,Black), D, Shielding Outdoor Cable, UL (Unit:meter) КАБЕЛЬ ПИТАНИЯ, КАТУШКА 600М, СТАНДАРТ UL2586, ДИАМЕТР ПРОВОДНИКОВ 2x12AWG, 2 ПРОВОДНИКА (",B19,B19
175382,Invoice,Предоставление услуги NaaS/Fixed NaaS/xDAS (регулярная услуга) за май 2026,B10,B10
234826,UniversalTransferDocument,магнит А1 [вид:имущество; ед:шт] | магнит А2 [вид:имущество; ед:шт],D20,D20
375667,StorageInventoryAcceptanceCertificate,Чехол-книжка кожзам Krutoff Magnet Book для телефона Realme Note 60/Note 60X цвет темно-синий [ед:шт] | Чехол-книжка кожзам Krutoff Magnet Book для телефона Realme Note 60/Note 60X цвет бордовый [ед:ш,B25,B25
208267,ReturnInventoryAcceptanceCertificate,Усилитель антенный TMA DD 1800 SF (sharp filter)|POWERWAVE||LGP10731|| [вид:имущество; ед:Штуки],D25,D25
401641,StorageInventoryAcceptanceCertificate,"Плата интерфейсная A9K-4X100GE-U, 4 х 100GE QSFP28, для маршрутизаторов Neovox ASR 9000 Series|NEOVOX||NVA9K-4X100GE-U|| [ед:Штуки]",B11,B11
28562,UniversalTransferDocument,Устройство интеллект (смарт-часы) Samsung Galaxy Watch 8 LTE SM-L335 44мм Graphite без sim серый [вид:имущество; ед:шт] | Смарт-часы Samsung Galaxy Watch 8 44mm LTE SM-L335 Silver CAU [вид:имущество; ,D16,D16
352839,StorageInventoryAcceptanceCertificate,Коммутатор Cisco Catalyst 2960 8 10/100 +1 T/SFP LAN Base Image|CISCO||WS-C2960-8TC-L|| [ед:Штуки],B11,B11
330803,StorageInventoryAcceptanceCertificate,"Комплект кабелей для подключения АКБ (сечение 35 кв.мм, длина 5 м, 2 шт), Battery cable kit 1 group|BEIJING DYNAMIC POWER||D1912190111001BCK||",B19,B19
50773,StorageInventoryAcceptanceCertificate,"Мультиплексор BG-30 базовый блок с поддержкой карт XIO, 1 MCP slot, FAN unit slot, 2 power supplies slots and 3 IO cards slots|ECI TELECOM|BG-30B|X36246|| [ед:Штуки]",B11,B11
83307,StorageInventoryAcceptanceCertificate,Кабинет системы питания Flatpack2 +24V/16kW 3ф/16A (мест для выпрямителей 8; выкл. нагрузок 16; бат. автоматов 8/200A; контроллеров 1; конвертеров 4)|ELTEK ENERGY AS||C20815.VS1|ELTEK ENERGY AS|C20815,B11,B11
81968,UniversalTransferDocument,Дог. № PC380. Вознаграждение за МАЙ-2026.,D1,D1
358636,UniversalCorrectionDocument,*01.09.2025-30.09.2025-Cдача сайтов в аренду за Сентябрь 2025 г. по дог. VK-PLR/2023 от 05.10.2023,B7,B7
36370,StorageInventoryAcceptanceCertificate,"Блок внутренний кондиционера сплит-системы настенного типа Haier HSU-12HNH03/R2, с блоком аварийной сигнализации|HAIER|HSU-12HNH03/R2||HАIЕR|AA9HA3E0B [ед:Штуки] | Блок наружный кондиционера сплит-сис",B2,B2
257645,StorageInventoryAcceptanceCertificate,Блок вентиляторный (3 шт) для маршрутизатора Alcatel SAS 7210 E/M|ALCATEL||3HE04416AA|| [ед:Штуки],B2,B2
304528,StorageInventoryAcceptanceCertificate,"Комр планшет Honor Pad V9 Rowling-W09B Wi-Fi 256GB 3,35 GHz 11,5"" 2800х1840 Grey с чехлом и стилусом [ед:шт] | Компьютер планшетный Honor Pad X9a Eileen2-W29C Wi-Fi 128 GB 2.8 GHz 11.5 2508 х 1504 Gre",B25,B25
382750,UniversalTransferDocument,SRG251202_1091_43,NONE,NONE
88513,StorageInventoryAcceptanceCertificate,Узел сигнального канала D-Channel DaughterBoard (EUROISDN/QSIG/MCDN)|NORTEL||NTBK51AA|*|* [ед:Штуки],B11,B11
340030,ReturnInventoryAcceptanceCertificate,"Монитор LED IPS 27 Philips 27E1N1600AE/01, цвет черный|PHILIPS||27E1N1600AE/01|| [вид:имущество; ед:Штуки]",D20,D20
3669,UniversalTransferDocument,Чехол-накладка Krutoff Silicone Case для Realme Note 70 лаванда [вид:имущество; ед:шт],B25,B25
239222,UniversalCorrectionDocument,Беспроводные наушники Redmi Buds 6 Active - белые [ед:шт] | Беспроводные наушники Redmi Buds 6 Active - прозрачно-пороховые [ед:шт],B25,B25
22531,StorageInventoryAcceptanceCertificate,"Блок вентиляторов FCM для мультиплексора DWDM OPT9608, Fan Control Module|ECI TELECOM||X13718|| [ед:Штуки]",B11,B11
341323,PerformedWorkAcceptanceCertificate,iPASOLINK 400 Расширение функционала пропускной способности радио с 200M до 400M [ед:Штука] (×2),D8,D8
311995,UniversalTransferDocument,"Middle SEO-специалист, Апрель 2026 [вид:услуга; ед:шт] (×2) | Junior SEO-специалист, Апрель 2026 [вид:услуга; ед:шт] | Специалист по текстовой оптимизации, Апрель 2026 [вид:услуга; ед:шт] (×2)",D1,D1
331381,UniversalTransferDocument,RAGE By VIRA Кримпер для обжима телефонных и компьютерных клемм 4Р RJ10 6P RJ11 RJ12 и 8P RJ45 312108 [вид:имущество; ед:шт],B25,B25
400139,UniversalTransferDocument,Смартфон Apple iPhone 17 Pro Max 256GB Deep Blue [вид:имущество; ед:шт],B25,B25
89541,StorageInventoryAcceptanceCertificate,Телефон сотовый BQ BQ-2430 Tank Power Black+Silver (черный с серебристым) [ед:шт] | Телефон сотовый BQ BQ-2430 Tank Power Camouflage+Silver (камуфляж с серебристым) [ед:шт] | Телефон сотовый BQ 2842 D,D2,D2
149779,StorageInventoryAcceptanceCertificate,"Модуль выпрямительный Flatpack2 48V, 2kW|ELTEK ENERGY AS||241115.100|ELTEK ENERGY AS|241115.100 [ед:Штуки]",B2,B2
313840,StorageInventoryAcceptanceCertificate,Аккумулятор 12VE140F|HAWKER|||| [ед:Штуки] | Аккумулятор A412/120FT|SONNENSСHEIN|A412/120FT|NGA4120120HS0MA|| [ед:Штуки],D10,D10
170105,StorageInventoryAcceptanceCertificate,Устр зар порт Akai BE-10014PDBk для моб уст 10000 mAh 1 х USB typeA(f) 1 х USB typeС(f) цвет черный [ед:шт] | Устр зар порт Akai BE-10004PDBk для моб уст 10000 mAh 2 х USB typeA(f) 1 х USB typeС(f) цв,D10,D10
175612,StorageInventoryAcceptanceCertificate,ILT1M|NOKIA||T65100.01|1C|21469 [ед:Штуки] | Интерфейсная плата 2B1Q U-if unit 4 ch for ACM2/V5.1 with 25312.03|NOKIA||21132.131|1C|21324 [ед:Штуки],B8,B8
363660,StorageInventoryAcceptanceCertificate,"Модуль выпрямительный Flatpack2 48V, 2kW|ELTEK ENERGY AS||241115.100|ELTEK ENERGY AS|241115.100 [ед:Штуки]",B11,B11
398026,UniversalTransferDocument,FIT IT Бур по бетону SDS PLUS Профи с двойной резьбой 12x310 мм 32946 [вид:имущество; ед:шт] | FORTISFLEX Стяжки нейлоновые КСС 3x250 бел 100шт 89893 [вид:имущество; ед:шт] | Gigant Изолированные боко,B2,B2
55998,StorageInventoryAcceptanceCertificate,Устройство зарядное сетевое Rivacase PS4001 WD3 для мобильных устройств разъемы 2хUSB typeA(f) белый [ед:шт],B2,B2
116067,ReturnInventoryAcceptanceCertificate,Комплект монтажный для крепления блока ODU на мачту диаметром 30-85 мм|INFINET||MONT-KIT-85|| [вид:имущество; ед:Штуки],B2,B2
157378,StorageInventoryAcceptanceCertificate,"Кабель витая пара FTP, 4 пары, категория 5е, жилы однопроволочные, оболочка PE||||| [ед:Метр]",B11,B11
279477,ReturnInventoryAcceptanceCertificate,"Селектор поляризаций IP-20C OMT kit 13 GHz, для наружных радиоблоков Ceragon FibeAir IP-20C, RFU-D, с монтажным комплектом|CERAGON||IP-20C-OMT-kit-13G|| [вид:имущество; ед:Штуки]",B11,B11
153261,UniversalTransferDocument,СЗУ+кабель Samsung Travel Adapter 45W with 1.8M USB Type-C to Type-C Cable Black [вид:имущество; ед:шт],B2,B2
117688,UniversalTransferDocument,F*CK VALENTINE'S DAY(ДЕНЬ ВСЕХ НЕВЛЮБЛЕННЫХ) [вид:услуга],B10,B10
341240,PerformedWorkAcceptanceCertificate,iPASOLINK 400 Расширение функционала модуляции 512QAM (требуется Modem-A HW версия 2.0 или позже*) [ед:Штука] | iPASOLINK 400 Расширение функционала AMR [ед:Штука] | iPASOLINK 400 Расширение функциона,D5,D5
102168,StorageInventoryAcceptanceCertificate,"ШЛЮЗ IP ТЕЛЕФОНИИ AUDIOCODES MP-114/4FXS/3AC, 10/100BASE-T RJ45, 4 ПОРТА RJ-11 (FXS), RS-232, H.323 SUPPORT, FAX SUPPORT, АС ИСТОЧНИК ПИТАНИЯ VOIP GATEWAY|AUDIOCODES|MP-114/4FXS/3AC|MP114/4S/SIP|| [ед",B11,B11
373120,StorageInventoryAcceptanceCertificate,"Разьем N (m) для коаксиального кабеля 1/2, прямой|HENGXIN||NM-12L|| [ед:Штуки]",B11,B11
168253,StorageInventoryAcceptanceCertificate,Блок пакетной передачи данных PCU2-E Second Generation Packet Control для контроллера FlexiBSC|NSN||C110629|NSN|BSC3195 [ед:Штуки],B11,B11
275800,Invoice,"Вентилятор Cabeus XD12038A2 черный, Термостат Cabeus KTS011, Расходные материалы, крепеж, кабель, гофро-труба,разъемы [вид:имущество; ед:шт] | Аккумуляторная батарея для ИБП DELTA HR 12-21 W [вид:имущ",B11,B11
322174,UniversalTransferDocument,"_ДЗИПО. ДС24-ВК-ИТ2021, ДС 1/25439748 к Заказу ITOSS0060_KIBANA/25439748 от 09.12.2025 г., дог. ВК-ИТ2021 от 28.01.2021г.,_в период с 01.05.2026 по 31.05.2026 [ед:ЧЕЛ.ДН]",B10,B10
314563,ReturnInventoryAcceptanceCertificate,"Сканер штрих-кодов 2D Balance Electronic 1300 P2D USB, с кабелем USB|BALANCE ELECTRONICS||4876|| [вид:имущество; ед:Штуки]",B2,B2
214356,UniversalTransferDocument,Предоставление услуги NaaS по Заказу №1 к Договору №58420 от 17.04.2023г. за январь 2026г.,B10,B10
16153,UniversalTransferDocument,"Конвектор (Ballu) 1 кВт [ед:шт] | Санкт-Петербург, Пражская улица, д. 48/50 А Монтаж теплового конвектора [ед:шт]",B25,B25
316693,PerformedWorkAcceptanceCertificate,iPASOLINK 400 Расширение функционала пропускной способности радио с 200M до 400M [ед:Штука] | iPASOLINK 400 Расширение функционала модуляции 512QAM (требуется Modem-A HW версия 2.0 или позже*) [ед:Шту,D8,D8
147721,UniversalCorrectionDocument,"Планшет Samsung Galaxy Tab S10 Lite BSM-X406B 1380 8C/6Gb/128Gb 10.9"" TFT 2112x1320/5G/серый/BT/8Mpi SM-X406BZAACAU [ед:шт]",B2,B2
87982,ReturnInventoryAcceptanceCertificate,"Разъем 4,3-10(f) для гибкого коаксиального кабеля SF 1/2, прямой|КВАЗАРТРЕЙД||QT09-4310F|| [вид:имущество; ед:Штуки]",B2,B2
142559,StorageInventoryAcceptanceCertificate,"Модуль выпрямительный Flatpack2 48V, 2kW|ELTEK ENERGY AS||241115.100|ELTEK ENERGY AS|241115.100 [ед:Штуки]",B2,B2
33424,ReturnInventoryAcceptanceCertificate,"Кабель питания, сечение 2 х 4 кв.мм, открытый конец - открытый конец, длина 10 м|CERAGON||CBL-PWR-OE-OE-16A-10m||",B2,B2
189263,UniversalCorrectionDocument,Беспроводные наушники Redmi Buds 6 Play - белые [ед:шт],B25,B25
78985,StorageInventoryAcceptanceCertificate,"Модуль выпрямительный Flatpack2 48V, 2kW|ELTEK ENERGY AS||241115.100|ELTEK ENERGY AS|241115.100 [ед:Штуки]",B2,B2
269505,UniversalTransferDocument,Беспроводные наушники Soundcore H30i Белый [вид:имущество; ед:шт] | Наушники TWS Soundcore Space A40 Синий v.2 [вид:имущество; ед:шт],B25,B25
184670,StorageInventoryAcceptanceCertificate,ПЛАТА ВЕНТИЛЯТОРОВ FAN CARD MK2|STRATEX||EXF-002|*|* [ед:Штуки],B2,B2
274895,ReturnInventoryAcceptanceCertificate,"Маршрутизатор Maipu MP1800X-50, 1U, 5 х 10M/100M/1000Mbps, 1 х RJ45 console, 1 х USB 2.0 ports, AC power supply|MAIPU COMMUNICATION TECHNOLOGY||MP1800X-50|| [вид:имущество; ед:Штуки]",B11,B11
349996,Invoice,"Тарифные планы серии ""Unlim 2.0"" Предоставление в пользование услуги доступа к сети Интернет без ограничения объема потребляемого трафика со скоростью до 4 Мбит/с (ETTH и др., кроме xDSL) | Предоставл",B10,B10
259001,ReturnInventoryAcceptanceCertificate,"Экран светодиодный indoor VE 0901-600 (640x960) P 1,86, 960мм х 640мм|ЭКРАНИУМ|indoor VE 0901-600 (640x960) P 1,86||| [вид:имущество; ед:Штуки]",D25,D25
108524,UniversalTransferDocument,"_ДЗИПО. Заказ ITCOMMON0156_B2BSITEBEELINE/25460052 от 26.12.2025 г., дог. ВК-ИТ2021 от 28.01.2021г.,_в период с 01.03.2026 по 31.03.2026 [ед:ЧЕЛ.ДН]",B10,B10
346033,UniversalTransferDocument,"3709001110, Кабель соединительный Apple, разъемы Apple Lightning(m) - USB 2.0 typeA(m), длина 1 м, цвет белый [ед:шт]",B11,B11
137134,UniversalTransferDocument,Бур по бетону 10x1000x940 мм SDS PLUS [вид:имущество; ед:шт],B11,B11
178091,StorageInventoryAcceptanceCertificate,Кабель CELLFLEX-LCF 7/8 Cu2Y-50|RFS||LCF78-50JA|*|* [ед:Метр],B5,B5
386742,StorageInventoryAcceptanceCertificate,"БЛОК ВЕНТИЛЯТОРОВ FAN UNIT FAN-M ДЛЯ ВНУТРЕННИХ БЛОКОВ IDU ДЛЯ IPASOLINK 1000|NEC|FAN-M|NWA-061376|| [ед:Штуки] | БЛОК ВНУТРЕННИЙ IDU IPASOLINK 1000, 2ХRJ-45, 2ХSFP, 1ХMC-M, 1ХCLK2M, 1ХTERM-M, 14ХBLAN",B11,B11
26122,UniversalTransferDocument,"_ДЗИПО. ДС 1/26001915 к заказу ITINF0045_VIRTUALSEC/26001915 от 12.01.2026 г., дог. ВК-ИТ2021 от 28.01.2021г.,_в период с 01.05.2026 по 31.05.2026 [ед:ЧЕЛ.ДН]",B10,B10
278615,UniversalTransferDocument,"Переходник 8P8C NTSS-CP-RJ45-UTP-5e для кабеля ""витая пара"", RJ-45(f) на RJ-45(f), на печатной плате, категория 5e [ед:шт]",B11,B11
119137,UniversalCorrectionDocument,Смартфон Samsung Galaxy A26 5G (8+256Gb) Black [ед:шт],D2,D2
238434,ReturnInventoryAcceptanceCertificate,"Блок вентиляторов Front Cooling Fan Module - Order only for spare|NORTEL||NTK507LA|| [вид:имущество; ед:Штуки] | Блок вентиляторов, стандартной мощности (9344 л/мин), для 14-слотового шасси мультиплек",B2,B2
148638,ReturnInventoryAcceptanceCertificate,"Разъем RJ-45(m) для кабеля витая пара, универсальный, 4 пары, категория 5е, неэкранированный|DONGGUAN FANGBEI ELECTRONIC||FAN-JACK-RJ45|| [вид:имущество; ед:Штуки]",B11,B11
200475,UniversalTransferDocument,NESCAFE Selezione WhlBeCoff 6х1кг N2 XR [ед:шт.] | NP Латте Микс 12х500г N1 [ед:шт.],B2,B2
398010,UniversalTransferDocument,"Набор пассатижей и бокорезы GRIPro, 3 предмета TOLSEN ТТ 10410 [вид:имущество; ед:набор]",B2,B2
336746,UniversalTransferDocument,"QT-SA-NMNFB Модуль защиты от перенапряжения (грозозащита) Antenna Feeder Arrester для кабеля коаксиального, 1200-2500 МНя 50W разъемы N(f)N(m) |V100130299| [вид:имущество; ед:шт] | QT-SYV5022SMAMWNFB-",D28,D28
342071,ReturnInventoryAcceptanceCertificate,Тестер аккумуляторных батарей BT-3915|KONGTER TEST MEASUREMENT||BT-3915|| [вид:имущество; ед:Штуки],D10,D10
50213,ReturnInventoryAcceptanceCertificate,"Перемычка Teleconta из кабеля SF 1/2, с разъемами 4,3-10(m) - 7/16(m), длина 3 м|TELECONTA||43M7MS12-3PE|| [вид:имущество; ед:Штуки]",B2,B2
376405,ReturnInventoryAcceptanceCertificate,"Антенна параболическая неинтегрированная Andrew ANT, 14,4-15,35 GHz, диаметр 1,2 м, двухполяризационная, высокой эффективности, с круглым фланцем, с МК|CERAGON||Am-4-15-CIRC-A|| [вид:имущество; ед:Шту",B11,B11
148416,UniversalTransferDocument,Передача прав на трансляцию канала .Red HD (абон. плата) за май 2026 г. согласно Лицензионное соглашение №SHD1503R33 от 01.03.2015 г.. [вид:услуга],B21,B21
18411,ReturnInventoryAcceptanceCertificate,"Веб-камера Logitech HD Webcam C270, USB 2.0, черный|LOGITECH||960-000999|| [вид:имущество; ед:Штуки]",B2,B2
21366,UniversalTransferDocument,"Техническая поддержка Новой Финансовой Системы (НФС) - информационная система ПАО ""ВымпелКом"" на базе Oracle e- Business Suite, используемая для решения бизнес-задач во 2 (втором) квартале 2026 года, ",NONE,NONE
63682,StorageInventoryAcceptanceCertificate,Кабель CELLFLEX-LCF 7/8 Cu2Y-50|RFS||LCF78-50JA|*|* [ед:Метр],B11,B11
235484,ReturnInventoryAcceptanceCertificate,Считыватель биометрический настольный венозный Hitachi H1|HITACHI||PC-KCA110|| [вид:имущество; ед:Штуки],B2,B2
278946,ReturnInventoryAcceptanceCertificate,"Плата управления внутреннего блока IDU MPR, Control & Switching Module|ALCATEL||3DB18326AC**|АLCАTЕL|3HK12137AAAA [вид:имущество; ед:Штуки]",B11,B11
388226,UniversalTransferDocument,"_ДЗИПО. Заказ ITCOMMON0052_TCO/25457512 от 24.12.2025 г., дог. ВК-ИТ2021 от 28.01.2021г.,_в период с 01.04.2026 по 30.04.2026 [ед:ЧЕЛ.ДН]",B10,B10
291415,StorageInventoryAcceptanceCertificate,Кабинет цифровой АТС Cabinet AC/DC Option 11C Main and Expansion|NORTEL||NTAK11BD|NОRTЕL|NTAK11BDE5 [ед:Штуки],B11,B11
44428,ReturnInventoryAcceptanceCertificate,Маршрутизатор Cisco 880 Series Integrated Services Routers|CISCO||C881-K9|| [вид:имущество; ед:Штуки],B2,B2
15913,UniversalTransferDocument,"_ДЗИПО. ITSERVIS0080_B2C-DIGITAL-GEOIP/26006970 от 15.01.2026 г., дог. ВК-ИТ2021 от 28.01.2021г.,_в период с 01.04.2026 по 30.04.2026 [ед:ЧЕЛ.ДН]",D2,D2
340823,ReturnInventoryAcceptanceCertificate,"Переходник 8P8C NTSS-CP-RJ45-UTP-5e для кабеля витая пара, RJ-45(f) на RJ-45(f), на печатной плате, категория 5e|ПРОИЗВОДСТВЕННАЯ ГРУППА||NTSS-CP-RJ45-UTP-5e|| [вид:имущество; ед:Штуки]",D20,D20
401986,UniversalTransferDocument,"QT09-DMA Разъем 7/16(m) для гибкого коаксиального кабеля SF 1/2"", угловой [вид:имущество; ед:шт]",D20,D20
91841,UniversalTransferDocument,Стекло защитное Full Glue Premium Krutoff для Honor 600 черное [вид:имущество; ед:шт] (×2) | Стекло защитное Full Glue Premium Krutoff для Honor 600 Pro черное [вид:имущество; ед:шт],B2,B2
64833,ReturnInventoryAcceptanceCertificate,"Плата процессорная VSM, 4 x CPU, 128 GB RAM, для маршрутизаторов Cisco серии ASR9000, Virtualized Service Module|CISCO||A9K-VSM-500|| [вид:имущество; ед:Штуки]",D25,D25
113728,UniversalTransferDocument,"Pro'sKit ProsKit MT-7510 Оптоволоконный визуальный локатор неисправностей мощностью 10 мВт С00040185 00370000 [вид:имущество; ед:шт] | Puty Принтер для печати наклеек PT-100E ручной, кириллица/латиниц",B11,B11
79755,ReturnInventoryAcceptanceCertificate,"Перемычка Hengxin из кабеля LCF 1/2, с разъемами 7/16(m)/7/16(m), длина 15 м|HENGXIN||716M-716M-LCF12-15m|| [вид:имущество; ед:Штуки]",B2,B2
376954,StorageInventoryAcceptanceCertificate,ГМ_Модуль RET_кат.B [ед:Штуки],D23,D23
371847,UniversalTransferDocument,СМАРТ-ЧАСЫ REALME RMW2501 (REALME WATCH 5) ЦВЕТ:СЕРЕБРИСТЫЙ [вид:имущество; ед:шт],D16,D16
397799,UniversalCorrectionDocument,*01.04.2026-30.04.2026-Cдача сайтов в аренду за Апрель 2026 г. по дог. VK-PLR/2023 от 05.10.2023,B7,B7
24576,ReturnInventoryAcceptanceCertificate,"Блок внутренний IDU FibeAir IP-20F, 5 х 1 GE сombo, 2 х RFU сombo, 1 х 1 GE/RFU сombo, с платой интерфейсов 16хE1, 1 х 48 V DC|CERAGON||IP-20F-RIT3-E6-T16-C|| [вид:имущество; ед:Штуки]",D25,D25
47477,UniversalTransferDocument,"N3View-DWN6-1 SSFT003838_Лицензия на один сетевой элемент DWN6512, DWN6514, DWN6515, DWN6515F, DWN6550, DWN6530 [вид:имущество; ед:шт]",D25,D25
7598,StorageInventoryAcceptanceCertificate,"Шлюз IP телефонии AudioCodes MP-124D/FXS/AC, 10/100Base-T RJ45, 24 порта RJ-11 (FXS), RS-232, H.323 support, Fax support, АС источник питания VoIP Gateway|AUDIOCODES|MP-124D/FXS/AC|MP124/24S/AC/SIP|| ",B11,B11
1368,UniversalTransferDocument,"iTOK Кабель для удлинителей КГтп-ХЛ 3х2,5 гибкий морозостойкий черный ГОСТ (30 метров) i-KPP-SU-KGTPHL-325-30-BL [вид:имущество; ед:боб] | Jazzway Лампа светодиодная низковольтная PLED-A60 MO 10Вт 400",B25,B25
167168,StorageInventoryAcceptanceCertificate,Аппарат сварочный Joinwit JW4106S для сварки оптических волокон|JOINWIT|JW4106S||| [ед:Штуки],B2,B2
45045,StorageInventoryAcceptanceCertificate,Система акустическая (1 колонка) Xiaomi Sound Outdoor портативная цвет черный [ед:шт],B25,B25
201124,ReturnInventoryAcceptanceCertificate,"Адаптер (переходник) с 4,3-10(m) на 7/16(f), прямой|DONGTONG||7/16F-4310M||QT-A43M7F [вид:имущество; ед:Штуки]",B2,B2
142537,UniversalTransferDocument,"Airline Инвертор 12В-220В, 1500 Вт API-1500-08 [вид:имущество; ед:шт] | Gigant Скрепы нержавеющие 20мм, 100 шт. 123928 [вид:имущество; ед:шт]",B2,B2
52880,UniversalTransferDocument,"Cablexpert Тестер LAN для RJ-45, RG-58 NCT-1 [вид:имущество; ед:шт]",B11,B11
17709,UniversalTransferDocument,"Телефонный разъем RJ-12(6P6C), [вид:имущество; ед:шт]",D20,D20
39247,ReturnInventoryAcceptanceCertificate,Кожух Weather Protection для защиты от осадков свободных портов антенн типа ANT3 5-80 GHz эффективности HPX|ERICSSON||SXK1115370/1|| [вид:имущество; ед:Штуки],D29,D29
192895,StorageInventoryAcceptanceCertificate,Блок вентиляторный (3 шт) для маршрутизатора Alcatel SAS 7210 E/M|ALCATEL||3HE04416AA|| [ед:Штуки],B2,B2
185394,Invoice,2Мп купольная IP-видеокамера с EXIR-подсветкой до 30м и микрофоном DS-I253M(B) или Аналог [вид:имущество; ед:шт] | 2Мп купольная IP-видеокамера с EXIR-подсветкой до 30м DS-I203(D) или Аналог [вид:имущ,B11,B11
291641,StorageInventoryAcceptanceCertificate,"Кабинет системы питания Actura Emerson Energy Systems LOD дополнительный, без выпрямителей тока Rectifer 2700W, с блоками распределения|EMERSON||BZA30441LOD-доп-Разукомп||",B2,B2
56546,StorageInventoryAcceptanceCertificate,"Монитор LCD LED 21,5 Dell E2214H, черный|DELL|E2214H|861-BBCF|| [ед:Штуки] | Сканер Canon CanoScan LiDE 300|CANON||2995C010|| [ед:Штуки]",B2,B2
249563,UniversalTransferDocument,"Гарнитура HOCO M109 Pure Type-C, вкладыши, громкость +/-, 1.2м (белый) / 6942007600231 н/н 0908026170 [вид:имущество; ед:шт] | Гарнитура HOCO M1 Pro Lightning 8-pin, внутриканальная, BT5.0, громкость ",B2,B2
81919,UniversalTransferDocument,"_ДЗИПО. Заказ ITCOMMON0166_SPNP-AIRFLOW/25460071 от 26.12.2025 г., дог. ВК-ИТ2021 от 28.01.2021г.,_в период с 01.02.2026 по 28.02.2026 [ед:ЧЕЛ.ДН]",B1,B1
187457,UniversalTransferDocument,Сверла по металлу THUNDERWEB™ HSS-G набор 25ед. (1-13мм) GEN III [вид:имущество; ед:шт],B2,B2
205552,StorageInventoryAcceptanceCertificate,Кабель для зарядки и синхронизации данных Apple разъемы Apple Lightning(m) - USB(m) 1 м цвет белый [ед:шт],B2,B2
145307,UniversalTransferDocument,Накладка Zibelino Silicone Card Holder для Apple iPhone 14 (прозрачный) [вид:имущество; ед:шт] | Накладка Zibelino Soft Matte для Apple iPhone 15 (черный) с микрофиброй 11002 КОТЁНОК В РУКАХ [вид:имущ,B25,B25
126324,ReturnInventoryAcceptanceCertificate,"Плата линейного усилителя МLA3, C-Band, для мультиплексоров OME 6500, Midstage Line Amplifier|CIENA||NTK552GA|АДВ КОНСАЛТИНГ|NTK552GAE5 [вид:имущество; ед:Штуки]",B11,B11
393617,StorageInventoryAcceptanceCertificate,"Модуль выпрямительный Flatpack2 48V, 2kW|ELTEK ENERGY AS||241115.100|ELTEK ENERGY AS|241115.100 [ед:Штуки]",B2,B2
263475,StorageInventoryAcceptanceCertificate,"Модуль выпрямительный Flatpack2 48V, 2kW|ELTEK ENERGY AS||241115.100|ELTEK ENERGY AS|241115.100 [ед:Штуки]",B2,B2
284543,StorageInventoryAcceptanceCertificate,Кабель CELLFLEX-LCF 7/8 Cu2Y-50|RFS||LCF78-50JA|*|* [ед:Метр],B11,B11
340452,StorageInventoryAcceptanceCertificate,"Перемычка Kingsignal из кабеля супергибкого SF 1/2, с разъемами 4,3-10(m) - 7/16(m), длина 5 м|KINGSIGNAL||42010602856|| [ед:Штуки]",B5,B5
1509,UniversalTransferDocument,Беспроводные наушники Soundcore Q11 серый [вид:имущество; ед:шт],B25,B25
14025,UniversalTransferDocument,"_ДЗИПО. Заказ ITCOMMON0069_PARTNER-STORAGE/25458584 от 25.12.2025 г., дог. ВК-ИТ2021 от 28.01.2021г.,_в период с 01.05.2026 по 31.05.2026 [ед:ЧЕЛ.ДН]",B10,B10
55524,StorageInventoryAcceptanceCertificate,"Перемычка Kingsignal из кабеля супергибкого SF 1/2, с разъемами 4,3-10(m) - 4,3-10(m), длина 5 м|KINGSIGNAL||42010602859|| [ед:Штуки]",B5,B5
111994,StorageInventoryAcceptanceCertificate,Дизель-электростанция контейнерная CONT/JS100/TYPE2/I|SDMO|CONT/JS100/TYPE2||| [ед:Штуки],B2,B2
231006,StorageInventoryAcceptanceCertificate,Плата модема MODEM-A for iHG ODU для внутренних блоков IDU iPASOLINK 400\1000|NEC|MODEM-A|NWA-055300|| [ед:Штуки],B11,B11
99812,ReturnInventoryAcceptanceCertificate,"Экран светодиодный indoor VE 1001-6000 (640x960) P 2,5, 960мм х 640мм|ЭКРАНИУМ|indoor VE 1001-6000 (640x960) P 2,5||| [вид:имущество; ед:Штуки]",D25,D25
250991,ReturnInventoryAcceptanceCertificate,"EXC Unit 10ch|NOKIA||T30715.01|1C|21461 [вид:имущество; ед:Штуки] | Mounting Frame 19, Grey|NOKIA||21462.09|1C|10910 [вид:имущество; ед:Штуки] | PCM 1564 PG H CO 3A/2/ 37602934||||1C|33929 [вид:имущес",B8,B8
66615,ReturnInventoryAcceptanceCertificate,"Адаптер (переходник) с 4,3-10(m) на 7/16(f), прямой|DONGTONG||7/16F-4310M||QT-A43M7F [вид:имущество; ед:Штуки]",B2,B2
174862,UniversalTransferDocument,"Лицензия на право использования программы для ЭВМ «OdysseySearch», пакет на 12000 запросов сроком на 3 месяца [вид:услуга; ед:шт]",NONE,NONE
392055,UniversalTransferDocument,NESCAFE Speciale 6x500г [ед:шт.] | NP Латте Микс 12х500г N1 [ед:шт.],B25,B25
8585,UniversalTransferDocument,ORB251003_77_707,NONE,NONE
254783,UniversalTransferDocument,"_ДЗИПО. Заказ ITCOMMON0069_PARTNER-STORAGE/25458584 от 25.12.2025 г., дог. ВК-ИТ2021 от 28.01.2021г.,_в период с 01.04.2026 по 30.04.2026 [ед:ЧЕЛ.ДН]",B10,B10
127916,UniversalTransferDocument,"Переходник 8P8C NTSS-CP-RJ45-UTP-5e для кабеля ""витая пара"", RJ-45(f) на RJ-45(f), на печатной плате, категория 5e [ед:шт]",B11,B11
28932,UniversalTransferDocument,"04.05.2026 Наружная мойка (протирка, продувка, ковры) Lada (ВАЗ) Chevrolet Niva-2123 р034км152 | 04.05.2026 Наружная мойка (протирка, продувка, ковры) Renault Duster с951хх152 | 04.05.2026 Комплексная",B1,B1
347860,UniversalTransferDocument,"Система акустическая (1 колонка) JBL Flip 7, портативная, цвет черный [вид:имущество; ед:шт] | Система акустическая (1 колонка) JBL Flip 7, портативная, цвет камуфляж [вид:имущество; ед:шт]",B25,B25
373706,StorageInventoryAcceptanceCertificate,"Модуль маршрутизации, 4-core 1,8 GHz, 32 GB RAM, для маршрутизаторов Juniper MX240/480/960, Spare Routing Engine Worldwide version|JUNIPER||RE-S-1800X4-32G-WS|| [ед:Штуки]",B11,B11
202515,UniversalTransferDocument,"QT-43M43M-F-15 Коаксиальные перемычки 1/2"" ( 4,3-10m - 4,3-10m) (15м) |V100131868| [вид:имущество; ед:шт]",D20,D20
32163,StorageInventoryAcceptanceCertificate,Коммутатор Catalyst 2960 24 10/100 Lite Image|CISCO||WS-C2960-24-S|*|* [ед:Штуки] | Коммутатор Catalyst 2960 Plus 24 10/100 + 2 T/SFP LAN Lite|CISCO||WS-C2960R+24TC-S|| [ед:Штуки] | Коммутатор Cisco C,B11,B11
1960,ReturnInventoryAcceptanceCertificate,"Разъем 4,3-10(f) для гибкого коаксиального кабеля SF 1/2, прямой|КВАЗАРТРЕЙД||QT09-4310F|| [вид:имущество; ед:Штуки]",B2,B2
371121,UniversalTransferDocument,KZN251031_56_263,NONE,NONE
85244,ReturnInventoryAcceptanceCertificate,"Перемычка Teleconta из кабеля SF 1/2"", с разъемами 4,3-10(m) - 4,3-10(m), длина 5 м|TELECONTA||43M43MS12-5PE|NOKIA|CSV60015.78",B2,B2
54070,StorageInventoryAcceptanceCertificate,"Модуль выпрямительный Flatpack2 48V, 2kW|ELTEK ENERGY AS||241115.100|ELTEK ENERGY AS|241115.100 [ед:Штуки]",B2,B2
145879,PerformedWorkCostCertificate,"Cтроительство FEMTO_21969885_4203082_0010-0923 Груздев Андрей Викторович, ИП, Cтроительство FEMTO_21974662_4173205_0009-9590 _БПМ_, АО, Cтроительство FEMTO_21978621_4197260_0010-0998 _Воксис_, ООО, Cт",D5,D5
380677,ReturnInventoryAcceptanceCertificate,"Аппарат IP телефонный цифровой Avaya 1603SW, цвет черный|AVAYA||700458508|| [вид:имущество; ед:Штуки] | Аппарат IP телефонный цифровой Avaya 1603SW-I, цвет черный|AVAYA|1603SW-I|700458524|КРОК|7004585",B11,B11
77791,UniversalTransferDocument,"Чехол-обложка Samsung Book Cover Galaxy Tab A11, Белый, White (EF-BX130PWEGRU) [вид:имущество; ед:шт] | Чехол-обложка Samsung Book Cover Galaxy Tab S11 Ultra, чёрный, BLACK (EF-BX930PBEGRU) [вид:имуще",B25,B25
275591,StorageInventoryAcceptanceCertificate,"Комплект крепления ЮКС 3/3 4,8-7мм (10-15мм) для 3-х оптических кабелей диаметром 4,8-7 мм и 3-х кабелей питания диаметром 10-15 мм, со струбциной|ЮКС||ЮКС-3/3-4.8-7мм(10-15мм)|| [ед:Штуки] | Комплект",B2,B2
1918,UniversalTransferDocument,"Переходник 8P8C NTSS-CP-RJ45-UTP-5e для кабеля ""витая пара"", RJ-45(f) на RJ-45(f), на печатной плате, категория 5e [ед:шт]",B11,B11
188179,StorageInventoryAcceptanceCertificate,СЗУ Hoco C12 для мобильных устройств 2хUSB typeA(f)с каб USB typeA(m)Apple Lightning(m) белый [ед:шт] | СЗУ Hoco C73A для мобильных устройств 2хUSB typeA(f) с каб USB typeA(m) USB typeC(m) белый [ед:ш,B2,B2
109332,UniversalCorrectionDocument,Смарт-часы Redmi Watch 5 Active (полуночные черные) [ед:шт],D16,D16
300402,ReturnInventoryAcceptanceCertificate,"Перемычка Kingsignal из кабеля супергибкого SF 1/2, с разъемами 4,3-10(m) - N(m), длина 5 м|KINGSIGNAL||42010602849|| [вид:имущество; ед:Штуки]",B2,B2
385587,UniversalTransferDocument,Norfin Стул склад. TAMPERE NF Alu [вид:имущество; ед:шт] | Tramp стол складной 80x60x70 см TRF-015 [вид:имущество; ед:шт] | WD-40 Средство для тысячи применений 100мл WD0000 [вид:имущество; ед:шт] | К,B25,B25
326260,StorageInventoryAcceptanceCertificate,Кабель соединительный Apple разъемы USB typeC(m) - Apple Lightning(m) длина 2 м цвет белый [ед:шт],B2,B2
79076,UniversalTransferDocument,Бензин АИ-92-К5 [вид:имущество; ед:л],NONE,NONE
398073,UniversalTransferDocument,"FORTISFLEX Стяжки нейлоновые КСС 3*200 ч уп.100шт 49409 [вид:имущество; ед:упак] | Gigant Масло 4-х тактное 10W30 2л GDEL-05 [вид:имущество; ед:шт] | Gigant Набор 8-ми сегментных лезвий 18мм, 10шт. G-",B2,B2
149672,UniversalTransferDocument,RX-3001X роутер [вид:имущество; ед:шт],B11,B11
22397,Invoice,Аванс за Размещение изделий по договору №15/12-20 Р от 01/09/2012г.,B0,B0
343837,Invoice,Предоставление сервисов IPX / IPX service (Москва) | Обеспечение национального и международного LTE-роуминга с использование Diameter-подключения (Москва),B10,B10
168597,UniversalTransferDocument,"Печенье OREO 12шт*38г [вид:имущество; ед:упак] | Конфеты шоколадные Красная шапочка 250г [вид:имущество; ед:шт] | Шоколадный батончик Milky Way Minis, пакет, 176г [вид:имущество; ед:шт] | Шоколадный б",NONE,NONE
62653,Invoice,SRT260216_71_1037,NONE,NONE
83008,UniversalTransferDocument,Огнетушитель порошковый ОП-5 ABCE (ЗПУ-Алюминий); 2281405 [ед:шт],B2,B2
156308,UniversalTransferDocument,"CN2610-16-2AC Console server CN2610-16-2AC Сервер консольный CN2610-16-2AC, 16 х RS-232,2 х 100BaseT 2 х PS AC [вид:имущество; ед:шт]",B11,B11
347574,StorageInventoryAcceptanceCertificate,"Кабель витая пара FTP, 4 пары, категория 5e, одножильный, оболочка PE||||*|* [ед:Метр]",B11,B11
144578,UniversalTransferDocument,Размещение РИМ в Telegram канале Блогера «Душниловка» для клиента Билайн. Ссылка: https://t.me/dusnilaparty за ноябрь 2025 г. [вид:услуга] (×2) | Размещение РИМ в социальной сети VK Блогера «Kagramano,B23,B23
362281,UniversalTransferDocument,"_ДЗИПО. ITCOMMON0160_B2C.MS.MNP.ESIA/26007466 от 15.01.2026 г., дог. ВК-ИТ2021 от 28.01.2021г.,_в период с 01.05.2026 по 31.05.2026 [ед:ЧЕЛ.ДН]",D2,D2
271694,UniversalTransferDocument,Предоставление производственных ресурсов c 01.02.2026 по 28.02.2026,B10,B10
204152,UniversalTransferDocument,Brante Ключ для замка 705 122345 [вид:имущество; ед:шт] | Gigant Набор шестигранных ключей TORX с отверстием 9 шт GHKS-9 [вид:имущество; ед:шт] | Plantic Лопата совковая Terra 11007-01 [вид:имущество;,B2,B2
245178,StorageInventoryAcceptanceCertificate,Блок вентиляторный (3 шт) для маршрутизатора Alcatel SAS 7210 E/M|ALCATEL||3HE04416AA|| [ед:Штуки],B2,B2
392430,StorageInventoryAcceptanceCertificate,"Кондиционер воздушный КН-1500 с дверью климатического шкафа TCB-20U-AIR, мощность 1500 W|ТЕХНОЛИГА|КН-1500|1021.00.000-01|| [ед:Штуки]",B2,B2
86799,UniversalTransferDocument,"_ДЗИПО. Заказ ITCOMMON0069_PARTNER-STORAGE/25458584 от 25.12.2025 г., дог. ВК-ИТ2021 от 28.01.2021г.,_в период с 01.03.2026 по 31.03.2026 [ед:ЧЕЛ.ДН]",B10,B10
49462,ReturnInventoryAcceptanceCertificate,"Кабель витая пара UTP, 4 пары, категория 5е, жилы однопроволочные, материал жилы медь, оболочка PVC, цвет оболочки серый||КСВПВ-5e 4х2х0,52 ||| [вид:имущество; ед:Метр] | Переходник 8P8C NTSS-CP-RJ45-",B11,B11
117585,StorageInventoryAcceptanceCertificate,Контроллер тактовых синхроимпульсов Stratum 4 Clock Controller DaughterBoard Option 11|NORTEL||NTAK20BD|КРОК|NTAK20BDE5 [ед:Штуки] | Медиаконвертер 10/100Base-TX to 100Base-FX WDM Smart Media Converte,B11,B11
279911,UniversalTransferDocument,Чехол-книжка Krutoff Magnet Book для Honor X7d черный [вид:имущество; ед:шт] (×2),B25,B25
262110,Invoice,Техническое обслуживание ВОЛС ID 96 | Техническое обслуживание ВОЛС ID 498 | Техническое обслуживание ВОЛС ID 560 | Техническое обслуживание ВОЛС ID 565 | Техническое обслуживание ВОЛС ID 567,B3,B3
326378,UniversalCorrectionDocument,"Наушники JBL Tune 215BT, black [ед:шт]",B25,B25
395517,StorageInventoryAcceptanceCertificate,"Модуль выпрямительный Flatpack2 48V, 2kW|ELTEK ENERGY AS||241115.100|ELTEK ENERGY AS|241115.100 [ед:Штуки]",B2,B2
161705,ReturnInventoryAcceptanceCertificate,"Разъем RJ-45(m) для кабеля витая пара, универсальный, 4 пары, категория 5е, неэкранированный|DONGGUAN FANGBEI ELECTRONIC||FAN-JACK-RJ45|| [вид:имущество; ед:Штуки]",B11,B11
199203,StorageInventoryAcceptanceCertificate,"Модуль выпрямительный Flatpack2 48V, 2kW|ELTEK ENERGY AS||241115.100|ELTEK ENERGY AS|241115.100 [ед:Штуки]",B2,B2
58865,PerformedWorkAcceptanceCertificate,iPASOLINK 400 Расширение функционала AMR [ед:Штука] | iPASOLINK 400 Расширение функционала пропускной способности радио с 200M до 400M [ед:Штука] | iPASOLINK 400 Активация функционала порта SFP на осн,D8,D8
102607,UniversalTransferDocument,Наушники Galaxy Buds Core Белые [вид:имущество; ед:ШТ],B25,B25
306579,StorageInventoryAcceptanceCertificate,"Кабель CELLFLEX-LCF 7/8"" Cu2Y-50|RFS||LCF78-50JA|*|*",B5,B5
381888,StorageInventoryAcceptanceCertificate,Стекло защитное Krutoff Full Glue Premium для Realme Note 60/Note 60X глянцевое с черной рамкой [ед:шт] | Стекло защитное Krutoff Full Glue Premium для телефона Samsung Galaxy A07 глянцевое с черной р,B2,B2
84158,Invoice,2Мп купольная IP-видеокамера с EXIR-подсветкой до 30м и микрофоном DS-I253M(B) или Аналог [вид:имущество; ед:шт] | 2Мп купольная IP-видеокамера с EXIR-подсветкой до 30м DS-I203(D) или Аналог [вид:имущ,B11,B11
310501,StorageInventoryAcceptanceCertificate,"Модуль интерфейсный GP для контроллера на платформе MX-RAN, GP BOARD|ALCATEL||3BK26857AB|| [ед:Штуки] | Модуль питания для ATCA шасси для контроллера на платформе MX-RAN POWER ENTRY MODULE FOR ATCA CH",B11,B11
294418,ReturnInventoryAcceptanceCertificate,"Разъем RJ-45(m) для кабеля витая пара, универсальный, 4 пары, категория 5е, неэкранированный|DONGGUAN FANGBEI ELECTRONIC||FAN-JACK-RJ45|| [вид:имущество; ед:Штуки]",B11,B11
374232,ReturnInventoryAcceptanceCertificate,"Разъем 4,3-10(m) для гибкого коаксиального кабеля SF 1/2, прямой|КВАЗАРТРЕЙД||QT09-4310M|| [вид:имущество; ед:Штуки]",B2,B2
118715,StorageInventoryAcceptanceCertificate,Блок вентиляторный (3 шт) для маршрутизатора Alcatel SAS 7210 E/M|ALCATEL||3HE04416AA|| [ед:Штуки],B2,B2
92701,Invoice,Аванс за Размещение изделий по договору №15/12-20 Р от 01/09/2012г.,B0,B0
105712,StorageInventoryAcceptanceCertificate,CABLE WITH CONNECTOR/DC POWER CABLE [RPM777193/00200] [ед:Штуки] | CABLE WITH CONNECTOR/SIGNAL CABLE|ERICSSON||RPM77701/00300|| [ед:Штуки] | Блок процессорный Baseband R503 для подключения дополнитель,D27,D27
44548,ReturnInventoryAcceptanceCertificate,"Дюбель-гвоздь, полипропилен, 6мм x 40мм (200 шт)||||| [вид:имущество; ед:Упаковка] | Разъем RJ-45(m) для кабеля витая пара, универсальный, 4 пары, категория 5е, неэкранированный|DONGGUAN FANGBEI ELECT",B2,B2
224466,ReturnInventoryAcceptanceCertificate,"Блок внутренний IDU FibeAir IP-20F, 5 х 1 GE сombo, 2 х RFU сombo, 1 х 1 GE/RFU сombo, с платой интерфейсов 16хE1, 1 х 48 V DC|CERAGON||IP-20F-RIT3-E6-T16-C|| [вид:имущество; ед:Штуки]",D25,D25
5528,StorageInventoryAcceptanceCertificate,Чехол-книжка кожзам Krutoff Magnet Book для телефона Realme Note 60/Note 60X цвет черный [ед:шт] | Чехол-корпус силиконовый Krutoff Soft Case для телефона Tecno Camon 40 Pro 5G цвет черный [ед:шт],B25,B25
152655,StorageInventoryAcceptanceCertificate,Устройство интеллектуальное (смарт-часы) Huawei Watch Fit 3 Solo-B19T Grey без sim цвет серый [ед:шт],D16,D16
175169,ReturnInventoryAcceptanceCertificate,"Модуль выпрямительный Eaton PowerWare APR48 Rectifier Module AC 240 V, 1500 W|EATON|APR48||| [вид:имущество; ед:Штуки]",D10,D10
313122,UniversalTransferDocument,Предоставление услуги NaaS по Заказу №2 к Договору №58420 от 17.04.2023г. за июнь 2026г.,B10,B10
306058,StorageInventoryAcceptanceCertificate,"Перемычка Teleconta из кабеля SF 1/2, с разъемами 4,3-10(m) - 7/16(m), длина 5 м|TELECONTA||43M7MS12-5PE|| [ед:Штуки]",B2,B2
290380,StorageInventoryAcceptanceCertificate,Комплект для инсталляции наружных блоков ОДУ ///IF/ODU Installation Accessories (5D) [ед:Штуки],B11,B11
49090,UniversalTransferDocument,"_ДЗИПО. ITSALESYS0017_SFA/26002347 от 13.01.2026 г., дог. ВК-ИТ2021 от 28.01.2021г.,_в период с 01.04.2026 по 30.04.2026 [ед:ЧЕЛ.ДН]",B10,B10
383144,UniversalTransferDocument,Наушники проводные Apple EarPods with Type C Connector [вид:имущество; ОКПД2:26.40.42.120; ед:шт],B25,B25
109687,ReturnInventoryAcceptanceCertificate,"Аккумулятор Ventura FT 12-150, 12 V, 150 Ah|VENTURA||FT12-150||",D10,D10
152954,UniversalTransferDocument,"OXION Зажим аккумуляторный 150 мм, 250 А, комплект 2 шт., арт. CC-250A-IPC-150 [вид:имущество; ед:шт]",B2,B2
193334,UniversalTransferDocument,CACTUS Картридж ленточный CS-TZ241 TZe-241 черный для Brother 1230/1280/1280VP/2700VP 807029 [вид:имущество; ед:шт] | FORTISFLEX Стяжки нейлоновые КСС 4*300 б уп.100шт 49399 [вид:имущество; ед:шт] | G,B2,B2
256330,ReturnInventoryAcceptanceCertificate,"Кабель витая пара FTP, 25 пар, категория 5е, одножильный, оболочка PE|||||КСВППэ-5е.25х2х0,52 [вид:имущество; ед:Метр]",B11,B11
98330,StorageInventoryAcceptanceCertificate,"Камера видеонаблюдения купольная Ivideon 2210F-MV2, цветная, уличная/внутри помещения, матрица 1/2,9, объектив 2,8 мм, разрешение 1920 х 1080, 12 V DC|IVIDEON||I881523|| [ед:Штуки]",B2,B2
343476,UniversalTransferDocument,Кабель Apple USB-C Charge Cable 1m White [вид:имущество; ед:шт],B2,B2
273568,StorageInventoryAcceptanceCertificate,"Шасси FM-16M-CH оптического мультиплексора FM-16M, 9 слотов, 1U 19, без оптических модулей, питания и интерфейсов E1, ETH,|OLENCOM|FM-16M-CH|9-451|| [ед:Штуки]",B11,B11
271580,ReturnInventoryAcceptanceCertificate,"Разъем 2-pin(f) для подключения кабеля питания диаметром 6-18 мм сечением 2,5-10 кв.мм к выносному радиомодулю Ericsson базовых станций RBS3000/6000|HYSTRONE||GEN-729647-Z2S|| [вид:имущество; ед:Штуки",B2,B2
298201,ReturnInventoryAcceptanceCertificate,"Монитор LED IPS 23,8 Acer CB242YGbmiprx, цвет черный|ACER|CB242YGbmiprx||| [вид:имущество; ед:Штуки]",B2,B2
221645,UniversalTransferDocument,GENERICA Батарейка солевая r03/aaa (2шт/упаковка) ABT-R03-ST-S02-G [вид:имущество; ед:шт] | GENERICA Батарейка солевая r06/aa (2шт/упаковка) ABT-R06-ST-L02-G [вид:имущество; ед:шт] | Фрегат лента клей,B2,B2
170685,UniversalTransferDocument,"Печатающая головка принтера Datamax A-4212 Mark II (PHD20-2240-01), 203 dpi, АНАЛОГ [вид:имущество; ед:шт.] (×2)",B2,B2
1698,UniversalCorrectionDocument,*20.11.2025-30.11.2025-Cдача сайтов в аренду КСФ+ за Ноябрь 2025 г. по дог. VK-PLR/2023 от 05.10.2023,B0,B0
345140,StorageInventoryAcceptanceCertificate,Набор разъемов телефонных RJ-12(m) 6P6C для многопроволочного кабеля (10 шт)|PRO LEGEND||PL1278|| [ед:Упаковка],B2,B2
12187,UniversalTransferDocument,"RIVACASE PS4001 WD3 белое сетевое ЗУ 2,4A/ 2USB, с кабелем Type-C, 12/96 [вид:имущество; ед:шт]",B11,B11
58793,ReturnInventoryAcceptanceCertificate,"Антенна интегрированная AWY-13GHz, диаметр 0,6 м, высокой эффективности, с монтажным комплектом|ALCATEL||1AF14292AA**|STEP LOGIC|1AF14292AAAA [вид:имущество; ед:Штуки]",D28,D28
230031,UniversalTransferDocument,Смарт-часы Xiaomi Watch 5 Black Strap [вид:имущество; ед:шт] | Смарт-часы Xiaomi Watch 5 Juniper Green Strap [вид:имущество; ед:шт],B25,B25
172384,UniversalTransferDocument,"Мобильный телефон Fontel FP200 цвет черно-зеленый [вид:имущество; ед:шт] | Мобильный телефон Fontel FL280, цвет красный [вид:имущество; ед:шт]",B11,B11
177033,UniversalTransferDocument,Детские смарт-часы KidGram Watch 4G - розовый [вид:имущество; ед:шт],D16,D16
202802,StorageInventoryAcceptanceCertificate,Гарнитура беспроводная Honor Choice Headphones ROS-ME01 black для моб устр Bluetooth 5.4 цвет черный [ед:шт] | Гарнитура беспроводная Honor Choice Earbuds X7 Play для мобильных устройств Bluetooth 5.4,B25,B25
233260,UniversalTransferDocument,Аванс за ДП перезакл билайн 41421 по дог. № ДГ-1010-14658-04-22,B10,B10
11870,UniversalTransferDocument,"_ДЗИПО. Заказ ITCOMMON0110_OFFSET/25459098 от 25.12.2025 г., дог. ВК-ИТ2021 от 28.01.2021г.,_в период с 01.05.2026 по 31.05.2026 [ед:ЧЕЛ.ДН]",B10,B10
366334,StorageInventoryAcceptanceCertificate,Чехол-корпус силиконовый Krutoff Soft Case для телефона Infinix Hot 60 Pro цвет черный [ед:шт],B25,B25
373809,StorageInventoryAcceptanceCertificate,Набор батареек литиевых OPTICELL Specialty DL2032 (CR2032) 3 V 2 шт [ед:шт] | Набор батареек щелочных OPTICELL Professional тип АА (LR6) 1.5 V 4 шт [ед:шт] | Набор батареек щелочных GP Ultra Alkaline ,B25,B25
127888,ReturnInventoryAcceptanceCertificate,"Конвертер интерфейсов RS-485, для подключения устройств с интерфейсом RS-485 к компьютеру по USB|WIREN BOARD||WB-USB485|| [вид:имущество; ед:Штуки]",B11,B11
346601,StorageInventoryAcceptanceCertificate,"Аккумулятор Sacred Sun серии SPG, 12 V, 45 Ah|SACRED SUN||SPG12233W|| [ед:Штуки]",D10,D10
37496,ReturnInventoryAcceptanceCertificate,"Кабель коаксиальный LMR-400, 50 Ohm, диаметр 10 мм|KINGSIGNAL||41010400294|| KSR400 [вид:имущество; ед:Метр]",B11,B11
210238,UniversalTransferDocument,"Программный комплекс ""Solar webProxy"" в составе: - Подсистема Core, простая (неисключительная) лицензия, на весь срок действия исключительного права ( P-UL-SWG-ZZZ-1) [ед:шт] | Программный комплекс ""S",NONE,NONE
47018,UniversalTransferDocument,Аванс за ДА перезакл билайн 43146 по дог. № ДГ-1010-14660-04-22,D2,D2
326086,UniversalTransferDocument,"QT-43M43M-SF-5 Перемычка из кабеля супергибкого SF 1/2"", с разъемами 4,3-10(m) - 4,3-10(m), длина 5 м [вид:имущество; ед:шт] | QT-43M43M-F-15 Коаксиальные перемычки 1/2"" ( 4,3-10m - 4,3-10m) (15м) код",D20,D20
382914,StorageInventoryAcceptanceCertificate,"Антенна параболическая неинтегрированная Andrew ANT, 21,2-23,6 GHz, диаметр 0,3 м, двухполяризационная, высокой эффективности, с круглым фланцем, с МК|CERAGON||Am-1-23-CIRC-A|| [ед:Штуки]",B0,B0
299238,Invoice,Аванс за Оказание услуг по размещению изделий по договору №16-03-703-1217 от 01/01/2012г.,B0,B0
330443,XmlAcceptanceCertificate,Предоставление сервисов IPX / IPX service (Москва) | Обеспечение национального и международного LTE-роуминга с использование Diameter-подключения (Москва),B10,B10
236548,UniversalCorrectionDocument,*01.03.2026-31.03.2026-Cдача сайтов в аренду КСФ+ за Март 2026 г. по дог. VK-PLR/2023 от 05.10.2023,B7,B7
336840,Invoice,Авансовые платежи в счет реализации РЦС-5 услуг связи,B10,B10
29134,ReturnInventoryAcceptanceCertificate,"Перемычка Kingsignal из кабеля супергибкого SF 1/2, с разъемами 4,3-10(m) - 4,3-10(m), длина 2 м|KINGSIGNAL||42010602857|| [вид:имущество; ед:Штуки]",B2,B2
234947,PerformedWorkCostCertificate,"Cтроительство FEMTO_21987404_4208050_0008-9705 НПП _Элемер_ , ООО, Cтроительство FEMTO_21987358_4207463_0499-8456 ООО _АБ Групп_ , Cтроительство FEMTO_21991409_4209217_0010-1089 _Интер РАО - ИТ_, ООО ",D5,D5
119510,StorageInventoryAcceptanceCertificate,SIM/M/N96LTEusimPRSTOR.б/н DYN_wda01102 [ед:шт],D2,D2
140759,ReturnInventoryAcceptanceCertificate,"Кабель витая пара FTP, 50 пар, категория 5е, одножильный, оболочка PE|||||КСВППэ-5е.50х2х0,52 [вид:имущество; ед:Метр]",B11,B11
22168,StorageInventoryAcceptanceCertificate,Кабель соединительный Apple разъемы USB typeC(m) - Apple Lightning(m) длина 1 м цвет белый [ед:шт] | Кабель соединительный Apple разъемы USB typeC(m) - Apple Lightning(m) длина 2 м цвет белый [ед:шт] ,B2,B2
148264,StorageInventoryAcceptanceCertificate,"Кабель витая пара FTP, 4 пары, категория 5е, одножильный, оболочка PE||||ООО ТКЗ|КСВППэ-5е4х2х0.52 [ед:Метр]",B5,B5
49719,StorageInventoryAcceptanceCertificate,Устройство зарядное сетевое Rivacase PS4001 WD3 для мобильных устройств разъемы 2хUSB typeA(f) белый [ед:шт],B2,B2
247368,ReturnInventoryAcceptanceCertificate,Устройство многофункциональное (принтер/сканер/копир/факс) HP LaserJet Pro M426fdn RU MFP|HEWLETT PACKARD|M426fdnRUMFP|F6W17A|| [вид:имущество; ед:Штуки] | Устройство многофункциональное (принтер/скан,B2,B2
191175,StorageInventoryAcceptanceCertificate,"Переходник 8P8C NTSS-CP-RJ45-UTP-5e для кабеля витая пара, RJ-45(f) на RJ-45(f), на печатной плате, категория 5e|ПРОИЗВОДСТВЕННАЯ ГРУППА||NTSS-CP-RJ45-UTP-5e|| [ед:Штуки]",B11,B11
109638,UniversalTransferDocument,"Чайник электрический SCARLETT SC-EK21S51, сталь, 1500Вт, 1.8л [вид:имущество; ед:шт]",B25,B25
335471,UniversalTransferDocument,Аванс за да пререзкл билайн 06374 по дог. № ДГ-1010-14614-04-22,D2,D2
302352,UniversalTransferDocument,Обслуживание автомобиля UAZ PATRIOT Белый № Т085ОС152 VIN XTT316300P1003225 по заказ-наряду № H000002634 от 01.06.2026 [вид:услуга],NONE,NONE
241322,StorageInventoryAcceptanceCertificate,"Модуль выпрямительный Flatpack2 48V, 2kW|ELTEK ENERGY AS||241115.100|ELTEK ENERGY AS|241115.100 [ед:Штуки]",B2,B2
171693,ReturnInventoryAcceptanceCertificate,"Ноутбук HP EliteBook 665 G11, 6-core AMD Ryzen 5 7535U 2,9 GHz, 16 GB RAM, 512 GB SDD, 16, Win 11 Home, цвет серебристый|HEWLETT PACKARD||8Z714AV|| [вид:имущество; ед:Штуки]",B2,B2
156631,UniversalTransferDocument,Тех. поддержка 2 уровня - XDRay Platform Managed Service (Operational Assistance) | Тех. поддержка 3 уровня XDRay Platform Business Line Support,B10,B10
205679,UniversalTransferDocument,"Система акустическая (1 колонка)JBL Flip 7, портативная, цвет черный [вид:имущество; ед:шт] | Система акустическая (1 колонка)JBL Flip 7, портативная, цвет красный [вид:имущество; ед:шт]",B25,B25
128162,UniversalTransferDocument,Электрический конвекторный обогреватель Ballu 1 кВт BEC/EZMR-100 Mechanic S/n 1002006112400155457435 [вид:услуга; ед:шт],B25,B25
373111,ReturnInventoryAcceptanceCertificate,"Кабель витая пара UTP, 4 пары, категория 5е, жилы однопроволочные, материал жилы медь, оболочка PVC, цвет оболочки серый||КСВПВ-5e 4х2х0,52 ||| [вид:имущество; ед:Метр] | Переходник SK-DC-RJ45/RJ45-ca",B11,B11
381282,ReturnInventoryAcceptanceCertificate,"Кабель питания DC, сечение 2 х 2,5 кв.мм, двухжильный, для блока ODU Ceragon, для внешней прокладки|CERAGON||Outdoor-DC-cbl-2x2.5mm|| [вид:имущество; ед:Метр]",B11,B11
401874,ReturnInventoryAcceptanceCertificate,"Перемычка Kingsignal из кабеля гибкого F 1/2, с разъемами 4,3-10(m) - 7/16(m), длина 10 м|KINGSIGNAL||42010602862|| [вид:имущество; ед:Штуки]",B2,B2
208004,Invoice,"ВОЛС LWFL2RUORE300560 Оренбург, Ульянова ул., (51.777987, 55.137404); по проекту OFM: 3700758 ДС NFIB23-OB1-333873 от 20.02.2025г",B0,B0
357789,UniversalTransferDocument,FORTISFLEX Стяжки нейлоновые КСС 4*200 б уп.100шт 49397 [вид:имущество; ед:упак],B2,B2
16028,PerformedWorkAcceptanceCertificate,iPASOLINK 1000 Расширение функционала AMR [ед:Штука] | iPASOLINK 1000 Активация функционала порта SFP на основной плате (2xSFP) [ед:Штука] | iPASOLINK 400 Расширение функционала AMR [ед:Штука] | iPASO,B11,B11
78289,StorageInventoryAcceptanceCertificate,Устройство интеллектуальное (смарт-часы) Huawei Watch GT6 Pro Atum-B29F 46mm без sim цвет черный [ед:шт],D16,D16
266396,UniversalTransferDocument,Бензин АИ-92-К5 [вид:имущество; ед:л],NONE,NONE
367636,ReturnInventoryAcceptanceCertificate,"Кабель витая пара UTP, 4 пары, категория 5е, жилы однопроволочные, материал жилы медь, оболочка PVC, цвет оболочки серый||КСВПВ-5e 4х2х0,52 ||| [вид:имущество; ед:Метр] | Переходник 8P8C NTSS-CP-RJ45-",B11,B11
47837,UniversalTransferDocument,"Доработка Hyperion. HPL-2923 BS_CF, Reg Structure, CBO: изменение структуры и алгоритмов по Заказу 134/26052889 от «27» февраля 2026 г. к Рамочному договору №ВК-Б2018-Hyperion от «29» августа 2018г.",B4,B4
212703,Invoice,2Мп купольная IP-видеокамера с EXIR-подсветкой до 30м и микрофоном DS-I253M(B) или Аналог [вид:имущество; ед:шт] | 2Мп купольная IP-видеокамера с EXIR-подсветкой до 30м DS-I203(D) или Аналог [вид:имущ,B11,B11
285749,ReturnInventoryAcceptanceCertificate,"Маршрутизатор Juniper MX80 Promotional 5G Bundle, Modular DC, spare DC Power supply, 20 x 1G MIC|JUNIPER||MX80-5G-DC-B|| [вид:имущество; ед:Штуки] | ПЛАТА ИНТЕРФЕЙСНАЯ, 2 X TRIO CHIPSET MPC, PORT QUEU",B11,B11
78290,UniversalTransferDocument,"USB кабель HOCO X37 Cool Power Type-C, 3А, 1м, PVC (белый) / 0L-00043733, н/н 0909041610 [вид:имущество; ед:шт] | USB кабель HOCO X26 Xpress Type-C, 1м, нейлон (черный/золотой) / 0L-00043608 н/н 09090",B2,B2
227984,ReturnInventoryAcceptanceCertificate,Считыватель биометрический настольный венозный Hitachi H1|HITACHI||PC-KCA110|| [вид:имущество; ед:Штуки],B2,B2
306143,UniversalTransferDocument,"OlmiOn Протяжка для кабеля мини УЗК d=4,5 мм L=15 м в бухте, желтый СП-Б-4,5/15 [вид:имущество; ед:шт]",B11,B11
400424,Invoice,2Мп купольная IP-видеокамера с EXIR-подсветкой до 30м и микрофоном DS-I253M(B) или Аналог [вид:имущество; ед:шт] | 2Мп купольная IP-видеокамера с EXIR-подсветкой до 30м DS-I203(D) или Аналог [вид:имущ,B11,B11
301285,StorageInventoryAcceptanceCertificate,Стойка базовой станции IDCA UltraSite EDGE ID Cabinet|NOKIA||469725A|NOKIA|469725A [ед:Штуки],B11,B11
288737,StorageInventoryAcceptanceCertificate,"Шасси внутреннего блока INUe, расширенное, 2RU INDOOR CHASSIS, для FAN 2RU|STRATEX||EXE-002|*|* [ед:Штуки]",B2,B2
126588,UniversalTransferDocument,Беспроводные наушники Redmi Buds 6 Play White [вид:имущество; ед:шт] | Беспроводные наушники Redmi Buds 6 Play Black [вид:имущество; ед:шт],B25,B25
35540,ReturnInventoryAcceptanceCertificate,"Экран светодиодный indoor VE 1001-6000 (640x960) P 2,5, 960мм х 640мм|ЭКРАНИУМ|indoor VE 1001-6000 (640x960) P 2,5||| [вид:имущество; ед:Штуки]",D25,D25
276845,StorageInventoryAcceptanceCertificate,"Модем SHDSL ASMi-54L, 4 х 10/100BaseT ports, 4 х E1 ports, 2 пары, стандарты ITU-T G.991.2 и ETSI 101524, 11,4 Mbps, Rack mount|RAD||ASMI-54L-BLN/4ETH/4W|| [ед:Штуки]",B11,B11
130331,StorageInventoryAcceptanceCertificate,"Лента изоляционная Scotch Super 33+, винил, 19мм x 20м||||*|* [ед:Штуки]",B2,B2
196178,Invoice,2Мп купольная IP-видеокамера с EXIR-подсветкой до 30м и микрофоном DS-I253M(B) или Аналог [вид:имущество; ед:шт] | 2Мп купольная IP-видеокамера с EXIR-подсветкой до 30м DS-I203(D) или Аналог [вид:имущ,B11,B11
365910,UniversalTransferDocument,"_ДЗИПО. ITREP00004_SW.BAP.HYPERION/26002178 от 12.01.2026 г., дог. ВК-ИТ2021 от 28.01.2021г.,_в период с 01.05.2026 по 31.05.2026 [ед:ЧЕЛ.ДН]",B10,B10
88200,ReturnInventoryAcceptanceCertificate,"Кабель витая пара UTP, 4 пары, категория 5е, жилы однопроволочные, материал жилы медь, оболочка PVC, цвет оболочки серый||КСВПВ-5e 4х2х0,52 ||| [вид:имущество; ед:Метр] | Переходник 8P8C NTSS-CP-RJ45-",B11,B11
73520,UniversalTransferDocument,"KING TONY Набор торцевых диэлектрических головок 1/2, шестигранные, 8-24 мм, 16 пр 45VE01MRV [вид:имущество; ед:шт]",B2,B2
200667,ReturnInventoryAcceptanceCertificate,"Модуль выпрямительный Flatpack2 2kW, 85-300 V AC/48 V DC, 2000 W|ELTEK ENERGY AS||241115.100||",D10,D10
172702,UniversalCorrectionDocument,"Дата-кабель VLP LITE Color Line USB-C, 60W, 1м, burnt orange [ед:шт]",B2,B2
165987,StorageInventoryAcceptanceCertificate,Кабель соединительный Ubear Trend Cable разъемы USB 2.0 typeC(m) - USB 2.0 typeC(m) длина 2.4м синий [ед:шт] | Кабель соед Rocket Contact разъемы USB 2.0 typeA(m) - Apple Lighting(m) длина 1м цвет чер,B2,B2
347773,UniversalTransferDocument,"_ДЗИПО. Заказ ITCOMMON0155_B2C-DIGITAL-BEEFCO/25460048 от 26.12.2025 г., дог. ВК-ИТ2021 от 28.01.2021г.,_в период с 01.05.2026 по 31.05.2026 [ед:ЧЕЛ.ДН]",D2,D2
190583,StorageInventoryAcceptanceCertificate,"Аккумулятор Sonnenschein A 412/120 A, 12 V, 120 A/h|EXIDE|A412/120A|NGA4120120HS0CA|| [ед:Штуки]",D10,D10
123551,UniversalTransferDocument,FIT IT Бур по бетону SDS PLUS Профи с двойной резьбой 12x310 мм 32946 [вид:имущество; ед:шт] | FORTISFLEX Стяжки нейлоновые КСС 3x250 бел 100шт 89893 [вид:имущество; ед:шт] | Gigant Изолированные боко,B2,B2
332988,UniversalTransferDocument,"DWN65xx-EOA-F17 Плата усилителя EDFA Booster/Pre-amp DWN65xx-EOA-F17, 22 dB, для шасси мультиплексора DWN65XX [вид:имущество; ед:шт] | DWN65xx-EOA-F22 Плата усилителя EDFA Booster/Pre-amp DWN65xx-EOA-",B11,B11
339781,UniversalTransferDocument,"Беспроводное зарядное устройство VLP NEO Qi2.2, Apple Watch, amber gray [вид:имущество; ед:шт] | Сетевое зарядное устройство VLP NEO 45Вт USB-С, PD 3.2 AVS, QC, amber gray [вид:имущество; ед:шт] | Дат",B25,B25
156588,UniversalTransferDocument,"Размещение РМ в Telegram канале Mash, https://t.me/breakingmash Период оказания услуг: 20.04.2026 [вид:услуга]",B23,B23
398832,ReturnInventoryAcceptanceCertificate,"Кабель питания DC, сечение 2 х 2,5 кв.мм, двухжильный, для блока ODU Ceragon, для внешней прокладки|CERAGON||Outdoor-DC-cbl-2x2.5mm|| [вид:имущество; ед:Метр]",B11,B11
240065,UniversalTransferDocument,"AST-256CPU Сервер Gigabyte R283-Z92-AAE1, 2 х 128-core AMD Epyc 9754 2,25 GHz, 24 х 64 GB RAM, no SSD, 2-port 1Gbs, 2 х 2000 W|GIGABYTE|R283-Z92-AAE1 [вид:имущество; ед:шт]",B11,B11
350950,ReturnInventoryAcceptanceCertificate,Стеллаж CA-2-12VE140F под аккумуляторы 12VE140F с монтажным комплектом|СВЯЗЬ ИНЖИНИРИНГ|||| | Стеллаж 20U 600мм x 600 мм для 8 фронтальных блоков АБ до 170 А/ч с кабельной разводкой 48V|VALERE POWER||,B2,B2
252768,ReturnInventoryAcceptanceCertificate,"Разъем RJ-45(m) для кабеля витая пара, универсальный, 4 пары, категория 5е, неэкранированный|DONGGUAN FANGBEI ELECTRONIC||FAN-JACK-RJ45|| [вид:имущество; ед:Штуки]",B11,B11
215479,Invoice,2Мп купольная IP-видеокамера с EXIR-подсветкой до 30м и микрофоном DS-I253M(B) или Аналог [вид:имущество; ед:шт] | 2Мп купольная IP-видеокамера с EXIR-подсветкой до 30м DS-I203(D) или Аналог [вид:имущ,B11,B11
354994,ReturnInventoryAcceptanceCertificate,"Перемычка Kingsignal из кабеля супергибкого SF 1/2, с разъемами 4,3-10(m) - 4,3-10(m), длина 5 м|KINGSIGNAL||42010602859|| [вид:имущество; ед:Штуки]",B2,B2
208766,ReturnInventoryAcceptanceCertificate,"Плата интерфейсная A9K-4X100GE-U, 4 х 100GE QSFP28, для маршрутизаторов Neovox ASR 9000 Series|NEOVOX||NVA9K-4X100GE-U|| [вид:имущество; ед:Штуки]",D25,D25
388931,StorageInventoryAcceptanceCertificate,Карта памяти Kingston Canvas Select Plus Gen3 Micro SD XC Class 10 UHS-I 64 GB с адаптером [ед:шт] | Карта памяти Kingston Canvas Select Plus Gen3 Micro SD XC Class 10 UHS-I 128 GB с адаптером [ед:шт],B25,B25
255983,UniversalTransferDocument,Гарнитура TWS S7 CHP-ME00 5504ABTK WHITE HONOR CHOICE [вид:имущество; ед:шт] | Нaушники WRL SHB-ME00 5504ADGE BLACK HONOR CHOICE [вид:имущество; ед:шт],B25,B25
114101,StorageInventoryAcceptanceCertificate,"Модуль вентиляторный (8 вентиляторов) Fan Module для шасси маршрутизатора Alcatel 7705 SAR-8, -48/24 V DC|ALCATEL||3HE06792EA**|ALCATEL|3HE06792EABK [ед:Штуки]",B11,B11
194683,ReturnInventoryAcceptanceCertificate,"Монитор LED IPS 27 Philips 27E1N1600AE/01, цвет черный|PHILIPS||27E1N1600AE/01|| [вид:имущество; ед:Штуки]",D20,D20
132693,ReturnInventoryAcceptanceCertificate,"Монитор LED IPS 23,8"" Acer CB242YGbmiprx, цвет черный|ACER|CB242YGbmiprx||| [ед:шт]",B2,B2
45494,UniversalTransferDocument,"QT-43M43M-F-15 Коаксиальные перемычки 1/2"" ( 4,3-10m - 4,3-10m) (15м) |V100131868| [вид:имущество; ед:шт]",D20,D20
313976,StorageInventoryAcceptanceCertificate,"Модуль выпрямительный Flatpack2 48V, 2kW|ELTEK ENERGY AS||241115.100|ELTEK ENERGY AS|241115.100 [ед:Штуки]",B2,B2
332993,StorageInventoryAcceptanceCertificate,Гарнитура беспроводная Honor Choice Headphones ROS-ME01 white для моб устр Bluetooth 5.4 цвет белый [ед:шт],B25,B25
309882,ReturnInventoryAcceptanceCertificate,"Комплект крепления ЮКС 3/3 4,8-7мм (15-22мм) для 3-х оптических кабелей диаметром 4,8-7 мм и 3-х кабелей питания диаметром 15-22 мм, со струбциной|ЮКС||ЮКС-3/3-4.8-7мм(15-22мм)|| [вид:имущество; ед:Шт",B2,B2
176641,UniversalTransferDocument,RAGE By VIRA Кримпер для обжима телефонных и компьютерных клемм 4Р RJ10 6P RJ11 RJ12 и 8P RJ45 312108 [вид:имущество; ед:шт],B25,B25
206766,UniversalTransferDocument,Активация функционала порта SFP на основной плате (2xSFP) [вид:услуга; ед:шт],D23,D23
366290,StorageInventoryAcceptanceCertificate,Чехол-книжка кожзам BoraSCO Smart Cover для телефона Huawei Nova 14i цвет черный [ед:шт],B25,B25
260408,StorageInventoryAcceptanceCertificate,Гарнитура беспроводная Honor Choice Earbuds X7i для мобильных устройств Bluetooth 5.4 цвет белый [ед:шт],B25,B25
294159,ReturnInventoryAcceptanceCertificate,"Монитор LED IPS 27"" Philips 27E1N1600AE/01, цвет черный|PHILIPS||27E1N1600AE/01||",B2,B2
279734,UniversalTransferDocument,"Decorix Мульти-смазка 7 в 1 многоцелевая со smart-распылителем, 520 мл 0420-01 DA [вид:имущество; ед:шт] | FIT РОС Ящик для инструмента пластиковый 13"", 32,4x16,5x13,7 см 65561 [вид:имущество; ед:шт]",B25,B25
297039,UniversalTransferDocument,"Дата-кабель Type-C - Type-C, 65W, 1м, Power Delivery, белый, Borasco (-) [вид:имущество; ед:шт] | Защитное стекло Full Glue для Apple iPhone 16 черная рамка, Borasco (10228010/170326/5082289) [вид:иму",B25,B25
245997,ReturnInventoryAcceptanceCertificate,"Монитор LED IPS 23,8 Acer CB242YGbmiprx, цвет черный|ACER|CB242YGbmiprx||| [вид:имущество; ед:Штуки]",B2,B2
167181,ReturnInventoryAcceptanceCertificate,"Монитор LCD LED 21,5 Dell E2214H, черный|DELL|E2214H|861-BBCF|| [вид:имущество; ед:Штуки]",B2,B2
387099,UniversalTransferDocument,Наушники AirPods 4 без активного шумоподавления White [вид:имущество; ед:ШТ],B25,B25
273838,UniversalTransferDocument,Лицензия на право использования сервиса carrotquest.io Билайн Бизнес (id 26205) в период с 01.12.2025 по 31.12.2025 (согласно Лицензионному договору о предоставлении права пользования Сервисом Carrot ,D2,D2
134594,UniversalTransferDocument,"_ДЗИПО. ITCRM0040_NBA-ENGINE/25461207 от 29.12.2025 г., дог. ВК-ИТ2021 от 28.01.2021г.,_в период с 01.04.2026 по 30.04.2026 [ед:ЧЕЛ.ДН]",B10,B10
235922,ReturnInventoryAcceptanceCertificate,Крепление Yealink VCS-TVMount2 для установки видеокамер и видеобаров на/под TV-панель|YEALINK||VCS-TVMount2|| [вид:имущество; ед:Штуки],B2,B2
33628,UniversalTransferDocument,"_ДЗИПО. ITSERVIS0084_B2C-DIGITAL-TOGGLES/26006991 от 15.01.2026 г., дог. ВК-ИТ2021 от 28.01.2021г.,_в период с 01.04.2026 по 30.04.2026 [ед:ЧЕЛ.ДН]",D2,D2
232163,UniversalTransferDocument,"_ДЗИПО. ДС24-ВК-ИТ2021, ДС 1/25435142 к Заказу ITCOMMON0127_NET/25435142 от 08.12.2025 г., дог. ВК-ИТ2021 от 28.01.2021г.,_в период с 01.01.2026 по 31.01.2026 [ед:ЧЕЛ.ДН]",B10,B10
370409,UniversalCorrectionDocument,Elari KidPhone 2 детские часы-телефон - черный/синий [ед:шт],D2,D2
263697,ReturnInventoryAcceptanceCertificate,"Разъем 4,3-10(m) для коаксиального кабеля F 1/2, прямой|КВАЗАРТРЕЙД||QT12-4310M|| [вид:имущество; ед:Штуки]",B2,B2
69198,StorageInventoryAcceptanceCertificate,Устр зарядное сетевое Apple USB-C Power Adapter 20W для мобильных устройств разъем USBtypeС(f) белый [ед:шт],B2,B2
78696,UniversalTransferDocument,"FORTISFLEX Стяжки кабельные КСС NORD 3х200 79728 [вид:имущество; ед:шт] | KING TONY Бокорезы 125 мм, мини 6214-05 [вид:имущество; ед:шт] | OLFA Лезвие сегментированное для графических работ, 9x80x0,38",B2,B2
34559,ReturnInventoryAcceptanceCertificate,"Системный блок Apple Mac Mini A3239, 12-core Apple M4 Pro 4,41 GHz, 24 GB RAM, 512 GB SSD|APPLE||MCX44LL/A|| [вид:имущество; ед:Штуки]",B2,B2
5898,UniversalTransferDocument,Наушники AirPods 4 с активным шумоподавлением Белые [вид:имущество; ед:ШТ],B25,B25
290344,UniversalTransferDocument,"Освежитель воздуха ""DISCOVER"" Cashmere (Кашемир) сменный балон 320мл, автомат [вид:имущество; ед:шт] | Бумага туалетная рулон (Т2) 2-сл. 170м. d 17см, белая PRO, 1360л, С191 [вид:имущество; ед:упак] |",B25,B25
283540,ReturnInventoryAcceptanceCertificate,"Power Connector,2Pin-48VDC-30A-45 Recline Female-1.5mm^2~10mm^2,Easy Power,Unilateral Latch [вид:имущество; ед:Штуки]",D20,D20
55616,UniversalTransferDocument,TUM251201_1088_111,NONE,NONE
194596,StorageInventoryAcceptanceCertificate,"Модуль выпрямительный Flatpack2 48V, 2kW|ELTEK ENERGY AS||241115.100|ELTEK ENERGY AS|241115.100 [ед:Штуки]",B2,B2
172284,ReturnInventoryAcceptanceCertificate,"Гарнитура проводная Accutone UB95 USB для ПК, разъем USB, цвет черный|ACCUTONE||ZE-UB95-B-RU|| [вид:имущество; ед:Штуки] | Кабель соединительный, разъемы HDMItypeA(m) - HDMItypeA(m), длина 1,8 м|EXEGA",B2,B2
57761,StorageInventoryAcceptanceCertificate,"АППАРАТ ТЕЛЕФОННЫЙ ЦИФРОВОЙ AVAYA 1616-I BLK, ЧЕРНЫЙ|AVAYA|1616-I|700458540|| [ед:Штуки] | Аппарат IP телефонный цифровой Avaya 1603SW-I, цвет черный|AVAYA|1603SW-I|700458524|КРОК|700458524 [ед:Штуки]",B2,B2
169357,UniversalTransferDocument,Fortisflex Стяжки нейлоновые КСС 3x250 черн 100шт 89903 [вид:имущество; ед:упак] | FORTISFLEX Стяжки нейлоновые КСС 5*250 ч уп.100шт 49416 [вид:имущество; ед:шт] | Gigant Навесной замок с ключом GPLK-,B2,B2
202580,Invoice,"ВОЛС муфта 1 (576) - муфта 2 (586) Комс. Площ. г.Пермь LWFL2RUPER0002A1, г. Пермь, Комсомольский проспект, 34 - с/у No 673. , Комсомольский проспект, 48 - с/у No 393. LWFL2RUPER300002 РО 1773526 ДС No",B0,B0
335036,StorageInventoryAcceptanceCertificate,"Блок РРЛ наружный ODU Ceragon IP-50CX ODU Dual Core, 18 GHz, верхний поддиапазон, верхний уровень, 1 х RJ-45/1G, 1 х SFP/1G/2,5G/10G, 1 х SFP/1G/10G/25G|CERAGON||IP-50CX-E-18w-H-H|| [ед:Штуки] | Блок ",B11,B11
243920,StorageInventoryAcceptanceCertificate,"Блок внутренний кондиционера сплит-системы инверторного настенного типа Haier AS12NB4HRA, с блоком аварийной сигнализации|HAIER||AS12NB4HRA|HАIЕR|AA9FL3E07 [ед:Штуки] | Блок наружный кондиционера спли",B25,B25
282789,Invoice,Дог. № PC380. Вознаграждение за ЯНВ-2026.,D1,D1
333838,StorageInventoryAcceptanceCertificate,"Заглушка на один слот I/O для пакетного коммутатора CESR-9608, Blank Panel, 40мм x 250мм|ECI TELECOM||X14789|| [ед:Штуки]",B2,B2
236895,StorageInventoryAcceptanceCertificate,9806_Дм__Самара_оборудование SFEE Z.I. de BASTILLAC 65000 TARBES_КатегорияВ [ед:Штуки],B2,B2
130719,StorageInventoryAcceptanceCertificate,"АНТЕННА 1,2 М, 15 ГГЦ|ERICSSON|UKY 210 42/SC11D||| [ед:Штуки]",D27,D27
320946,StorageInventoryAcceptanceCertificate,"Модуль выпрямительный Flatpack2 48V, 2kW|ELTEK ENERGY AS||241115.100|ELTEK ENERGY AS|241115.100 [ед:Штуки]",B2,B2
30473,UniversalTransferDocument,"Сетевое зарядное устройство VLP LITE Charge Mini 25Вт USB-C, PD, PPS, белый [вид:имущество; ед:шт] | Дата-кабель VLP LITE Color Line USB-C to Lightning, 27W, 1м, белый [вид:имущество; ед:шт] (×2) | Да",B2,B2
249540,StorageInventoryAcceptanceCertificate,"Шасси маршрутизатора Cisco ASR-9010 V2 DC Chassis, 21U, 10 слотов, без блока питания|CISCO||ASR-9010-DC-V2|| [ед:Штуки]",B11,B11
89976,UniversalTransferDocument,Лицензия на право использования сервиса carrotquest.io на сайте Билайн конструктор (id 47897) в период с 01.01.2026 по 31.01.2026 (согласно Лицензионному договору о предоставлении права пользования Се,D2,D2
162351,StorageInventoryAcceptanceCertificate,"Кабинет системы питания Flatpack2 24V, 10kW, 15U (мест для выпрямителей 5; конвертеров 2; реле 6; входов 6; автоматов 11; контроллеров 1), включая монтажный комплект|ELTEK ENERGY AS||C20815.V21|| [ед:",B11,B11
127035,UniversalCorrectionDocument,Предоставления в пользование комплекса ресурсов по ДС ТО_6 Томская область за Февраль 2026 г. по дог. VK-PLR/2022 от 11.10.2022 | Предоставление в пользование комплекса ресурсов по ДС ТО_7 Томская обл,B17,B17
143352,StorageInventoryAcceptanceCertificate,"Модуль выпрямительный Flatpack2 48V, 2kW|ELTEK ENERGY AS||241115.100|ELTEK ENERGY AS|241115.100 [ед:Штуки]",B2,B2
243404,ReturnInventoryAcceptanceCertificate,"Плата цифровой обработки BaseBand AirScale ABIA, с поддержкой 2G/3G/4G/SRAN, с поддержкой до 6 оптических линков к радиомодулям|СПЕЦТЕХНОЛОГИИ||ST-473096A|| [вид:имущество; ед:Штуки] | Шасси BaseBand ",D25,D25
357964,ReturnInventoryAcceptanceCertificate,"Кабель соединительный Console Cable для маршрутизатора Cisco, разъемы RJ-45(m) -USB 2.0 TypeA(m), длина 1,5 м|CISCO||CAB-CONSOLE-USB-RJ45|| [вид:имущество; ед:Штуки]",B11,B11
324730,StorageInventoryAcceptanceCertificate,"Модуль выпрямительный Minipack, 48 V, 800 W|ELTEK ENERGY AS||241117.130|| [ед:Штуки]",B2,B2
291244,StorageInventoryAcceptanceCertificate,"Шлюз IP телефонии Flyingvoice G508, 8 х FXS ports, 220 V AC, SIP, T.30|FLYINGVOICE||G508|| [ед:Штуки]",B11,B11
289355,UniversalTransferDocument,"_ДЗИПО. ITSERVIS0048_AUDIO ANALYTICS BIG DATA1.2/26005490 от 13.01.2026 г., дог. ВК-ИТ2021 от 28.01.2021г.,_в период с 01.05.2026 по 31.05.2026 [ед:ЧЕЛ.ДН]",NONE,NONE
108041,ReturnInventoryAcceptanceCertificate,"Камера видеонаблюдения кубическая Ivideon Cute 4, цветная, внутри помещения, матрица 1/2,9, объектив 3,6 мм, разрешение 1920 х 1080, 5 V DC|IVIDEON||I880984|| [вид:имущество; ед:Штуки] | Камера видеон",B2,B2
232591,ReturnInventoryAcceptanceCertificate,"Модуль выпрямительный Flatpack2 2kW, 85-300 V AC/48 V DC, 2000 W|ELTEK ENERGY AS||241115.100||",D10,D10
305012,UniversalTransferDocument,Конвектор электрический Ballu Ettore BEC/ETER-1500 [вид:имущество; ед:шт],B25,B25
329684,ReturnInventoryAcceptanceCertificate,"Перемычка Kingsignal из кабеля супергибкого SF 1/2, с разъемами 4,3-10(m) - 4,3-10(m), длина 5 м|KINGSIGNAL||42010602859|| [вид:имущество; ед:Штуки]",B2,B2
63225,UniversalTransferDocument,"Рутокен Lite 1010, серт. ФСТЭК [вид:имущество; ед:шт.]",B2,B2
136999,ReturnInventoryAcceptanceCertificate,"Перемычка Kingsignal из кабеля гибкого F 1/2, с разъемами 4,3-10(m) - 4,3-10(m), длина 15 м|KINGSIGNAL||42010602847||QT-43M43M-F-15 [вид:имущество; ед:Штуки] | Перемычка Kingsignal из кабеля гибкого F",B11,B11
93143,ReturnInventoryAcceptanceCertificate,"Антенна параболическая неинтегрированная Andrew ANT, 7,125-8,5 GHz, диаметр 0,9 м, двухполяризационная, высокой эффективности, с круглым фланцем, с МК|CERAGON||Am-3-7-8-CIRC-A|| [вид:имущество; ед:Шту",B28,PARSE_FAIL
343849,PerformedWorkAcceptanceCertificate,iPASOLINK 400 Активация функционала порта SFP на основной плате (2xSFP) [ед:Штука],B11,B11
164739,ReturnInventoryAcceptanceCertificate,"Разъем 2-pin(f) для подключения кабеля питания диаметром 7-21,5 мм сечением 2,5-16 кв.мм к выносному радиомодулю Ericsson базовых станций RBS3000/6000|HYSTRONE||GEN-765936-Z2S|| [вид:имущество; ед:Шту",D25,D25
208873,UniversalTransferDocument,Умные часы 2i KCH-WB01 BLACK HONOR CHOICE [вид:имущество; ед:шт] | Умные часы 2i KCH-WB01 WHITE HONOR CHOICE [вид:имущество; ед:шт] | Умные часы WATCH 2 PRO LWS-WB11 BLACK HONOR CHOICE [вид:имущество;,B25,B25
203228,Invoice,2Мп купольная IP-видеокамера с EXIR-подсветкой до 30м и микрофоном DS-I253M(B) или Аналог [вид:имущество; ед:шт] | 2Мп купольная IP-видеокамера с EXIR-подсветкой до 30м DS-I203(D) или Аналог [вид:имущ,B11,B11
57697,StorageInventoryAcceptanceCertificate,"Разъем 4,3-10(m) для гибкого коаксиального кабеля SF 1/2, прямой|КВАЗАРТРЕЙД||QT09-4310M|| [ед:Штуки]",B11,B11
81527,ReturnInventoryAcceptanceCertificate,SIM/M/N96LTEsim Heart б/нDYN [вид:имущество; ед:шт] | SIM/M/N96LTEsim СИБМЕДВ б/нDYN [вид:имущество; ед:шт] | SIM/M/N96LTEsim ЮЗГУ б/нDYN [вид:имущество; ед:шт] | SIM/M/N96LTEsimZaykaNetб/нDYN [вид:им,D2,D2
229449,StorageInventoryAcceptanceCertificate,Модуль выпрямительный тока eSure R48-3500e 3500W|EMERSON||BML440066/1||,D10,D10
39613,UniversalTransferDocument,Наушники AirPods 4 с активным шумоподавлением Белые [вид:имущество; ед:ШТ],B25,B25
194398,StorageInventoryAcceptanceCertificate,"Антенна РРЛ Andrew Am-E3-2-13-CIRC-A (SHP2-13), 13 GHz, диаметр 0,6 м, двухполяризационная, с круглым фланцем|ANDREW||Am-E3-2-13-CIRC-AS|| [ед:Штуки]",B28,PARSE_FAIL
100684,UniversalTransferDocument,"Компенсация стоимости товаров по счету: HDMI кабель, 20м, 4k на объекте ПАО ВымпелКом,Саранск, ул. Гагарина, 99а, (17002262) [вид:услуга; ед:шт]",B11,B11
2683,UniversalTransferDocument,Наушники AirPods 4 с активным шумоподавлением Белые [вид:имущество; ед:ШТ],B25,B25
12285,UniversalTransferDocument,"Услуги по технической поддержке Программного обеспечения для оборудования RAN (включая Femto),Voice Core (включая SDM), NMS,MicroWave производства компании NSN Oy [вид:услуга] | Работы по активации но",B10,B10
77188,ReturnInventoryAcceptanceCertificate,"Кабель питания Power Cable, 2 х 2,5 кв.мм, оболочка PVC|ALCATEL||1AC057660001|| [вид:имущество; ед:Метр]",B11,B11
353132,UniversalTransferDocument,Портативная колонка 7W белый CLIP 5 JBL [вид:имущество; ед:шт],B2,B2
