group,file,llm_topic,theme_id,top_words
pdf_text,512f2e96-ba18-4d68-8641-aa38b067ab30.40472_ТХ_522667_v1.pdf,Рабочая документация на создание базовой станции,2,"рабочая документация, рабочая, документация, станции рабочая, станции, базовой, базовой станции, связи рабочая"
pdf_text,766366d9-598e-4005-9add-c52de8177e0f.А1 93390 СОЧ_Ахштырь-Кропоткинская 6Б - ТХ.pdf,Рабочая документация для сотовой связи,2,"рабочая документация, рабочая, документация, станции рабочая, станции, базовой, базовой станции, связи рабочая"
pdf_text,f9973c99-2fcd-48d4-b020-2bfc5a23216a.Vympelkom.pdf,Уведомление об увеличении платы за услуги,-1,
pdf_text,610c1d26-9ad7-45ca-ba33-f2593341c473.ЭС_74074 Крылосово_V2.pdf,Рабочая документация по созданию базовой станции,2,"рабочая документация, рабочая, документация, станции рабочая, станции, базовой, базовой станции, связи рабочая"
pdf_text,ad780e41-8111-4f27-9f35-ed287f6c1dc5.28522_ftk_ТХ_v2.pdf,Рабочая документация на создание базовой станции,2,"рабочая документация, рабочая, документация, станции рабочая, станции, базовой, базовой станции, связи рабочая"
pdf_text,6b8fd042-a082-4668-8e58-4fd8c6299866.СИ-2025-46107-ЭС.pdf,Рабочая документация по электрооборудованию,2,"рабочая документация, рабочая, документация, станции рабочая, станции, базовой, базовой станции, связи рабочая"
pdf_text,d3f94a43-d0a9-4865-bc6d-61762d1a84e9.52170 СртО_СНТ Кристалл АС v1.pdf,Строительство базовой станции сотовой связи,3,"станции сотовой, станции, сотовой связи, сотовой, базовой станции, базовой, связи, строительство базовой"
pdf_text,9efdcb93-4b78-47d7-ac4d-a3d40557d43f.РЦ-ИСХ-3386 от 19.02.26 КА ДС2 к ЕДР-1482 ВК Удм.pdf,Дополнительное соглашение к договору,-1,
pdf_text,"038ff26e-a501-403d-8282-e063721dc852.(4) 10923 СП_Шушары, Нины Петровой, 6к1 ОВ 2026.06.25 v1.pdf",Рабочая документация по отоплению и вентиляции,2,"рабочая документация, рабочая, документация, станции рабочая, станции, базовой, базовой станции, связи рабочая"
pdf_text,d2cde700-feef-4b69-8008-ebcfc1910e4d.Foster_Invoice_2BM-7713076301-2012052807251168061080000000000_2BM-7826156685-783801001-201401201117022305126_20260408_adbbbf07-9d9e-40a7-89c9-6566a2ceecdf.pdf,Экспедиторская расписка на доставку груза,-1,
pdf_text,0d03dadd-6af3-4b50-a4d9-920993f29607.ТХ 66134 Дубовская v1 Model (1).pdf,Рабочая документация по базовой станции,2,"рабочая документация, рабочая, документация, станции рабочая, станции, базовой, базовой станции, связи рабочая"
pdf_text,d4a51b6b-49e4-4ebd-b421-41d653cc2521.ЭС - 58894 ПнзО_Александровка_Мазуркова.pdf,Строительство базовой станции сотовой связи,3,"станции сотовой, станции, сотовой связи, сотовой, базовой станции, базовой, связи, строительство базовой"
pdf_text,96fafd09-6b48-47a3-b003-66146fa3ecb6.АПП г_Подольск__ул_Свердлова__д_26.pdf,Акт передачи объекта строительства,0,"акт, оборудования, приема, акт приема, оборудования акт, передачи, приема передачи, передачи оборудования"
pdf_text,ec6a4a8f-1529-45af-aebe-7d5cc3637ee8.2 АС 16482 ЛО-Плоткина Пилар.pdf,Рабочая документация сотовой связи,2,"рабочая документация, рабочая, документация, станции рабочая, станции, базовой, базовой станции, связи рабочая"
pdf_text,18245349-a679-49d5-88ca-b985d98814cc.06.S0M1555 Куровское_Альбом РРС v1.pdf,Рабочая документация на модернизацию узла связи,2,"рабочая документация, рабочая, документация, станции рабочая, станции, базовой, базовой станции, связи рабочая"
pdf_text,ec9fbdc3-58cd-45e8-afa7-51cacdd579d2.Proforma_Invoice_2BM-7713076301-2012052807251168061080000000000_2BM-7826156685-783801001-201401201117022305126_20260407_b80ac67a-013e-4605-9070-c7e16db7f343.pdf,Счет на услуги доставки груза,1,"на, счёт, счёт на, на оплату, оплату, счет, фактура, фактура на"
pdf_text,502fda49-2529-471d-8977-28d6f9422626.ИД 50683 БшкР_Аскарово_Сальманова.pdf,Исполнительная документация на строительство базовой станции,-1,
pdf_text,ec101500-0315-4e34-b167-f091200601e8.Счет № 1000000698147 - 7382832083 от 28.02.2026.pdf,Счёт за услуги связи МТС за февраль 2026,-1,
pdf_text,8f153bbd-3c32-49ed-bc91-7e57c6e455d2.Уведомление.pdf,Акт выполненных работ,-1,
pdf_text,8841626d-3535-45df-87bc-eadf9b0505a6.РС - 84512 Ытык-Кюель.pdf,Рабочая документация базовой станции,2,"рабочая документация, рабочая, документация, станции рабочая, станции, базовой, базовой станции, связи рабочая"
pdf_text,77a7e8ba-c2fb-494a-a853-f4db92db5941.ТХ 40065 НсО_Дачи Академ-3_v2.pdf,Модернизация базовой станции сотовой связи,3,"станции сотовой, станции, сотовой связи, сотовой, базовой станции, базовой, связи, строительство базовой"
pdf_text,4d162ed7-a23c-426c-a782-2769a5e3e74b.РД БС_94204_РРС_v1.pdf,Рабочая документация радиорелейной связи,2,"рабочая документация, рабочая, документация, станции рабочая, станции, базовой, базовой станции, связи рабочая"
pdf_text,372c8752-7378-4878-a342-8d8e607e8373.543091345528_28.02.2026.pdf,Счёт-фактура МегаФон за период,-1,
pdf_text,e720c14a-04d6-4f8e-b48d-3f2e22842eaf.313095533259_31.12.2025.pdf,Счёт на оплату услуг МегаФон,1,"на, счёт, счёт на, на оплату, оплату, счет, фактура, фактура на"
pdf_text,bdc5fb42-7451-4e4e-be8d-35f87078c1f9.28042 СП.pdf,Рабочая документация по созданию базовой станции,2,"рабочая документация, рабочая, документация, станции рабочая, станции, базовой, базовой станции, связи рабочая"
pdf_text,4d878806-d4bd-4a05-a6d8-374ffb10de97.67 Акт приема.pdf,Акт сдачи-приемки услуг по расклейке листовок,0,"акт, оборудования, приема, акт приема, оборудования акт, передачи, приема передачи, передачи оборудования"
pdf_text,e787eccb-56fc-44d2-a574-be16a69e04fa.Счет № 256362795175 - 6589487632 от 30.04.2026.pdf,Счёт за услуги связи за апрель 2026,-1,
pdf_text,d2512ddf-4800-4cfe-8ac8-e9cff84bcb3a.ТХ 74074 Крылосово_V6_.pdf,Рабочая документация по созданию базовой станции,2,"рабочая документация, рабочая, документация, станции рабочая, станции, базовой, базовой станции, связи рабочая"
pdf_text,"640400e4-293a-4051-8522-5fd71bec7550.10555 СП_Стрельна, Константина Тимошинина 3с1 ЭС.pdf",Рабочая документация по электрооборудованию,2,"рабочая документация, рабочая, документация, станции рабочая, станции, базовой, базовой станции, связи рабочая"
pdf_text,0b4e2de6-c6e5-434a-8f34-9d3e06e5ee66.Отчет об оказанных услугах_3402029_2026-03_7713076301_165543001.pdf,Отчет о начислении услуг связи,1,"на, счёт, счёт на, на оплату, оплату, счет, фактура, фактура на"
pdf_text,2e9454ff-0d66-498e-94ca-3482f57b410e.81131-ID_521306_ХБР_ЖК Вершины-ЭС.pdf,Строительство базовой станции сотовой связи,3,"станции сотовой, станции, сотовой связи, сотовой, базовой станции, базовой, связи, строительство базовой"
pdf_text,35659860-168b-48e2-a65b-b448990dc494.40047_РД_506416_ЭС_v1.pdf,Рабочая документация по электроснабжению базовой станции,2,"рабочая документация, рабочая, документация, станции рабочая, станции, базовой, базовой станции, связи рабочая"
pdf_text,378c0f1c-7a10-4b9e-b492-7cae2684ee46.Proforma_Invoice_2BM-7713076301-2012052807251168061080000000000_2BM-7826156685-783801001-201401201117022305126_20260629_df59dd8c-5768-4322-967e-3f238d04bb61.pdf,Счет на услуги доставки груза,1,"на, счёт, счёт на, на оплату, оплату, счет, фактура, фактура на"
pdf_text,b735b854-ea0b-4cae-b142-59f676d34638.ТХ 93123 КдК_Кущёвская-Верхняя 40 ОДН ПБК.pdf,Рабочая документация базовой станции,2,"рабочая документация, рабочая, документация, станции рабочая, станции, базовой, базовой станции, связи рабочая"
pdf_text,626dcd72-d6b4-40f1-b674-6497dc816025.40231_РД_512493_РРС1_v1.pdf,Модернизация узла связи,-1,
pdf_text,c5051eb3-e0d3-4702-8845-b7b144e3e9ee.Уведомление об изменении адреса юридического лица.pdf,Уведомление об изменении адреса,-1,
pdf_text,720347a0-0043-47ba-aa2b-30ad1493b776.Foster_Invoice_2BM-7713076301-2012052807251168061080000000000_2BM-7826156685-783801001-201401201117022305126_20260623_0fa9ee22-8d10-420f-8dab-2db93fd2d16b.pdf,Экспедиторская расписка на доставку груза,-1,
pdf_text,1aecab8b-27ba-4fb4-bcfa-2656597cc61f.Уведомление о просроченной задоженности по договору № 12-12-11-08.pdf,Уведомление о задолженности по услугам,-1,
pdf_text,5c6465fc-6996-440e-9743-5190deb111af.Уведомление2 вымпелком.pdf,Уведомление об изменении цены и НДС,-1,
pdf_text,23201b52-e689-4e83-aa44-83f9cead51cd.Тех.условия.pdf,Технические условия размещения линий связи,-1,
pdf_text,bca6ac08-cef3-411a-8b40-2ced63a03bcf.Красноярский край_РД_40784 КР_Урванцева 7_ТХ_v1.pdf,Рабочая документация базовой станции,2,"рабочая документация, рабочая, документация, станции рабочая, станции, базовой, базовой станции, связи рабочая"
pdf_text,4c74d41f-6cc7-4c1b-b198-0c3f73e9f528.35117 Харасея 83А-ОДН РРС1 v1.pdf,Рабочая документация радиорелейной связи,2,"рабочая документация, рабочая, документация, станции рабочая, станции, базовой, базовой станции, связи рабочая"
pdf_text,f7aad637-eea7-4f9e-883e-35a1817dc663.Барнаул_РД_41382 Алтай Виладж 2_КМ.pdf,Базовая станция Алтай Вилладж,-1,
pdf_text,98fb9748-159d-45ab-9233-85e28da105c4.01.16098 Большая Черкизовская 2к2_Альбом СП v1.pdf,Рабочая документация на создание базовой станции,2,"рабочая документация, рабочая, документация, станции рабочая, станции, базовой, базовой станции, связи рабочая"
pdf_text,a43cc6a6-7026-4ed4-8f22-87084aedd7f1.Истекает срок оплаты счета_735108296_18.02.2026.pdf,Напоминание об оплате счёта МегаФон,-1,
pdf_text,c8f2b311-1d0c-4544-90f2-319f639001f9.ТУ 02.2026 ЮРЭС Нестеров ВК к ДС9.pdf,Технические условия размещения ВОЛС,-1,
pdf_text,519a06d5-73b2-4657-a2fc-d1b25de96e08.23081_Косково_ТХ_2.pdf,Строительство базовой станции сотовой связи,3,"станции сотовой, станции, сотовой связи, сотовой, базовой станции, базовой, связи, строительство базовой"
pdf_text,6fffc717-82ba-433c-ac19-2320c1b997e8.500028202937_31.05.2026.pdf,Счёт-фактура МегаФон за май 2026 года,-1,
pdf_text,66520a1c-6e0f-4ea5-9450-158e571e593f.РРС_50133_АсО_Восток-Молодежная 6_v1.pdf,Рабочая документация радиорелейной связи,2,"рабочая документация, рабочая, документация, станции рабочая, станции, базовой, базовой станции, связи рабочая"
pdf_text,053b596f-6ae5-4579-9748-bc1a3883934f.РРС1_2163_Новозавидовский_v1.pdf,Рабочая документация на модернизацию узла связи,2,"рабочая документация, рабочая, документация, станции рабочая, станции, базовой, базовой станции, связи рабочая"
pdf_text,f417b8ac-e2db-4513-817f-234529ba89e4.83295 РсО_Николаевский-Луговая 124-ОДН-РРС.pdf,Рабочая документация радиорелейной связи,2,"рабочая документация, рабочая, документация, станции рабочая, станции, базовой, базовой станции, связи рабочая"
pdf_text,8e9b5fd5-938f-412d-96f6-07b6bf38d67f.2026_04__UG8CT__256974.pdf,Статистика вознаграждения партнеру,-1,
pdf_text,f516efc1-39a6-49ea-b26f-7a690326e770.42-40088-АС v1.pdf,Рабочая документация базовой станции,2,"рабочая документация, рабочая, документация, станции рабочая, станции, базовой, базовой станции, связи рабочая"
pdf_text,fa72acd5-ba6d-474f-b214-79aac3ba9200.ЭМ 50697 ВлгО_Фролово-Газоразведки 34-ОДН СоцИнтех.pdf,Рабочая документация по базовой станции,2,"рабочая документация, рабочая, документация, станции рабочая, станции, базовой, базовой станции, связи рабочая"
pdf_text,497ba322-1df2-439c-ac56-0a3da3a754fc.Оферта №2674_М.pdf,Оферта на заключение договора,-1,
pdf_text,c5d9c98e-d542-465d-8be6-b77d8a01d1ff.50461_BshkR_Bishkain_АС_v1.pdf,Строительство базовой станции сотовой связи,3,"станции сотовой, станции, сотовой связи, сотовой, базовой станции, базовой, связи, строительство базовой"
pdf_text,85738d14-1cfd-48c4-a638-da163ca78afe.Foster_Invoice_2BM-7713076301-2012052807251168061080000000000_2BM-7826156685-783801001-201401201117022305126_20260415_be322c13-cebf-49fc-8982-1a7980a8b99f.pdf,Экспедиторская расписка на доставку груза,-1,
pdf_text,46dc1e98-13f8-4577-8e2f-3e9d89be8f8d.ОТР_26175_КсО_Подольское_v2.pdf,Модернизация базовой станции,-1,
pdf_text,aa680ea3-9085-4d64-96e0-6525ba43d5eb.13143 Геологов_GL9_ТХ.pdf,Рабочая документация базовой станции,2,"рабочая документация, рабочая, документация, станции рабочая, станции, базовой, базовой станции, связи рабочая"
pdf_text,dffb3863-d12f-4c8f-9460-76e12f183f1c.Proforma_Invoice_2BM-7713076301-2012052807251168061080000000000_2BM-7826156685-783801001-201401201117022305126_20260610_b9b8c9a4-0ddd-48d8-b1a2-50578647c9a7.pdf,Услуга по организации доставки груза,-1,
pdf_text,313d7543-a542-4d17-8c4b-9758c7a5451d.41410_УОрБАО_Кутулик_ТЦ-Престиж_ЭС_v1.0.pdf,Рабочая документация на модернизацию базовой станции,2,"рабочая документация, рабочая, документация, станции рабочая, станции, базовой, базовой станции, связи рабочая"
pdf_text,5cf87ecd-a2af-4f41-b608-e74c1bf1bae1.Уведомление о смене юридического адреса ИП Хайрулин В.Р. ИНН 784809946092.pdf,Уведомление о смене адреса,-1,
pdf_text,4eb6981b-ced2-4add-83a8-2e2dc97b45d2.РЦ-ИСХ-11302 от 27.05.2026_ВымпелКом_ДЭ_о подписании ДС11.docx.pdf,Дополнительное соглашение к договору ВОЛС,-1,
pdf_text,536227f2-4cb6-4dad-aee1-e8b75d16e6e8.Raschet_obosnovanie_za_yanvar_2026_g._Vympelkom.pdf,Расчет электроэнергии за январь 2026 года,-1,
pdf_text,9adfb7c2-a422-4cbb-a8b9-ef9e4bfcc725.Оферта №2525_ТС.pdf,Оферта на заключение договора,-1,
pdf_text,4f32d6e0-c014-4aa9-880f-e72a5e004452.Отчет об оказанных услугах_3422793_2026-04_7713076301_165543001.pdf,Отчет о задолженности абонента,-1,
pdf_text,08eee11e-32f0-4e87-a65a-e34516bc89f4.0874_АНКД_Билайн.pdf,Акт начала аренды помещения,-1,
pdf_text,f7683431-73f0-434c-8039-51ee13c5b500.ТСС.2026.464523.23098_Площево РРС.pdf,Строительство базовой станции сотовой связи,3,"станции сотовой, станции, сотовой связи, сотовой, базовой станции, базовой, связи, строительство базовой"
pdf_text,458b0783-1d07-4fb3-84a4-95d1f252a7f7.Уведомление НОПРИЗ.pdf,Уведомление о включении специалиста в реестр,-1,
pdf_text,c36f8e43-721e-4f25-bd38-11100b8c6f37.ВымпелКом акт сверки  2025 год.PDF,Расчет взаимных расчетов,-1,
pdf_text,ae31c659-3670-4e20-bc68-2f0c23846931.26513_ЭС.pdf,Рабочая документация на создание базовой станции,2,"рабочая документация, рабочая, документация, станции рабочая, станции, базовой, базовой станции, связи рабочая"
pdf_text,136a8070-008b-4ced-a6c0-5f7ebda5fe91.МР-Мончегорск-Ленинградская 12188_SWAP_альбом1_ТХ.pdf,Рабочая документация базовой станции,2,"рабочая документация, рабочая, документация, станции рабочая, станции, базовой, базовой станции, связи рабочая"
pdf_text,b735657d-d87a-476d-bbe1-c85508cfb947.Договор_стандарт_2026.pdf,Договор страхования имущества юридических лиц,-1,
pdf_text,c8749e6e-2320-4411-b3ac-cdaa0c3ed55a.Печатная форма 53277_TatR_Cheremshan_ M.Kabirova_ТХ.pdf,Рабочая документация по сотовой связи,2,"рабочая документация, рабочая, документация, станции рабочая, станции, базовой, базовой станции, связи рабочая"
pdf_text,ecc62192-2b34-4433-af52-f6d55b883b4b.АС_83078_РсО_Глубокий-Московская 31-ОДН.pdf,Рабочая документация для базовой станции,2,"рабочая документация, рабочая, документация, станции рабочая, станции, базовой, базовой станции, связи рабочая"
pdf_text,c624c0ef-0831-4228-8908-d6264c8e21e8.Dop.soglashenie_2_PAO_VympelKom.pdf,Изменение размера платы за услуги связи,-1,
pdf_text,0837d284-0f44-4e0c-9e9b-da2101e1ed2b.Оферта №3111_ТС.pdf,Оферта на заключение договора,-1,
pdf_text,"d65e38b0-dabe-4f29-9fcb-652dce159717.UVEDOMLENIE_O_SMENE_YuRID,ADRESA_ot_24.03.2026_772901001.pdf",Уведомление о смене адреса,-1,
pdf_text,9ede1f80-8973-4f11-a60a-8829eed92dbd.43929 ЗбК_Забайкальск_Кристал - ЭС.pdf,Акт на электроснабжение и заземление,-1,
pdf_text,8bf76a7e-1e42-4757-8eb6-507c927423d0.04.24406 Рузский СНТ Автомобилист столб_Альбом ЭС v1.pdf,Рабочая документация на создание базовой станции,2,"рабочая документация, рабочая, документация, станции рабочая, станции, базовой, базовой станции, связи рабочая"
pdf_text,d0f816e0-724c-48b6-85ee-5f31ba689f6a.2601_7713076301_997750001_876000050674_detkr_1.pdf,Расшифровка услуг связи за январь 2026,-1,
pdf_text,5a3ce889-2ce1-4687-a0e0-fae56d6eabde.3711_ftk_РРС1_v1.pdf,Рабочая документация на модернизацию узла связи,2,"рабочая документация, рабочая, документация, станции рабочая, станции, базовой, базовой станции, связи рабочая"
pdf_text,488b78b7-3a8c-446e-90e2-d33819154741.Vympelkom_raschet_peremennoy_mart_2026_g.pdf,Расчет арендных платежей за апрель 2026 года,-1,
pdf_text,"8129941b-61c9-43ab-b495-4aceb824a289.Акт приема-передачи_г. Самара, ул. Ново-Садовая, 160 м.pdf",Акт передачи объекта подрядчику,0,"акт, оборудования, приема, акт приема, оборудования акт, передачи, приема передачи, передачи оборудования"
pdf_text,d777c993-78b7-4851-9eea-4c3e8e6ccf9b.KONVERT_отпрвручную_2BE72d8ba6d6c5449679a7d4bca48060778_20260306_1_2000000646.sbis.pdf,Пакет документов по услугам консалтинга,-1,
pdf_text,6d6d971a-dea0-4c57-924f-233c3465fc73.КМ_12911-ПК-Инженерная_V5.pdf,Рабочая документация для базовой станции,2,"рабочая документация, рабочая, документация, станции рабочая, станции, базовой, базовой станции, связи рабочая"
pdf_text,"9c28e5fc-dcf0-402d-8d20-5a7bfd5350e0.ЭС - 53017 МрдР_Ковылкино, Гагарина-42.pdf",Рабочая документация для базовой станции,2,"рабочая документация, рабочая, документация, станции рабочая, станции, базовой, базовой станции, связи рабочая"
pdf_text,fc34cdca-3b9a-4e7d-b02d-ae1ffed78ddb.Приказ ГИП.pdf,Возложение обязанностей главного инженера,-1,
pdf_text,876fc6d6-0a80-4ff0-a07f-2fd75632326c.ТХ_57976_МЭлР_Ошурга_mod_v1(2026 г.).pdf,Рабочая документация радиосистемы ВымпелКом,2,"рабочая документация, рабочая, документация, станции рабочая, станции, базовой, базовой станции, связи рабочая"
pdf_text,5ed23f8e-416e-4eff-8334-46599b61d38a.Уведомление_об_изменении_реквизитов.pdf,Уведомление об изменении реквизитов,-1,
pdf_text,230e8469-ef0a-4549-90d3-62e2a08f40d0.S0M40382 РРС v2.pdf,Рабочая документация по созданию узла связи,2,"рабочая документация, рабочая, документация, станции рабочая, станции, базовой, базовой станции, связи рабочая"
pdf_text,e2a23264-7cbc-4467-baac-574a7f9f4398.ЭС_51230_Себеусад_mod2026_v1.pdf,Рабочая документация электрооборудования базовой станции,2,"рабочая документация, рабочая, документация, станции рабочая, станции, базовой, базовой станции, связи рабочая"
pdf_text,"6fcc1ef4-7026-48d0-b85c-93c431925723.(3) 10923 СП_Шушары, Нины Петровой, 6к1 ЭС 2026.06.25 v1.pdf",Рабочая документация по электрооборудованию,2,"рабочая документация, рабочая, документация, станции рабочая, станции, базовой, базовой станции, связи рабочая"
pdf_text,63e4e375-d937-4863-968b-1d03d134e5ed.55-43361-РРС1 v1.pdf,Рабочая документация базовой станции,2,"рабочая документация, рабочая, документация, станции рабочая, станции, базовой, базовой станции, связи рабочая"
pdf_text,4d53cf70-ba30-44e5-94e4-befe38d6bd45.Протокол обмена по документу - УПД  241 от 31.05.2026.pdf,Протокол обмена УПД между компаниями,-1,
pdf_text,"013979d6-3550-47e2-ae82-89f41439519f.TNN00RULEN301089, 15287 ЛО-Новая ладога, Запад.pdf",Рабочая документация транспортной сети,2,"рабочая документация, рабочая, документация, станции рабочая, станции, базовой, базовой станции, связи рабочая"
pdf_text,9c05432c-6994-476d-a71c-7e189fd85ae8.Оферта №2601_ТС.pdf,Оферта на заключение договора,-1,
pdf_text,8db0ed99-d1dc-4d05-a2df-d6b0e3dc57b4.ИД СМР ВЭС 64084 СтК_Воровский-Южная 92-ОДН.pdf,Исполнительная документация по строительству КЛ,-1,
pdf_text,7f721971-91e5-425d-9753-7682eb8b29a0.ТХ 54617 ПнзO-СрЕлюзань v1.pdf,Модернизация башни сотовой связи,-1,
pdf_text,2f8ade97-a38c-4826-b64b-d064635c6e30.53396 ПмК_Юрла_ОВ_v1.pdf,Рабочая документация по отоплению и вентиляции,2,"рабочая документация, рабочая, документация, станции рабочая, станции, базовой, базовой станции, связи рабочая"
pdf_text,c7251383-ce6e-4983-ae37-189ab94cb77c.Uvedomlenie.pdf,Смена наименования ООО,-1,
pdf_text,ec5f5d9e-8aee-4490-a3b1-f07fb99813d3.Proforma_Invoice_2BM-7713076301-2012052807251168061080000000000_2BM-7826156685-783801001-201401201117022305126_20260605_bceed230-b1c7-40b6-9ae8-a010e343b58d.pdf,Услуга по организации доставки груза,-1,
pdf_text,1fba5bd4-86da-45fb-bda8-e792769dfcdf.Исх. 39-26_Гарантийное письмо на АОП от НБК БС 33062 ОрО_Калинино-Оловянниково 2.pdf,Гарантийное письмо на выполнение работ,-1,
pdf_text,db2d4cc5-6f05-4645-be20-2217cbb46b81.50087 АСТР_Пирогова 181А-ОДН РРС v1.pdf,Рабочая документация радиорелейной связи,2,"рабочая документация, рабочая, документация, станции рабочая, станции, базовой, базовой станции, связи рабочая"
pdf_text,9de288ad-cdba-4aee-9dba-66212387bead.(3) 10907 ЛО_Новоселье Центральная 30к1 ЭС 2026.04.16 v1.pdf,Рабочая документация по электрооборудованию,2,"рабочая документация, рабочая, документация, станции рабочая, станции, базовой, базовой станции, связи рабочая"
pdf_text,9b977cba-0288-4895-bc72-3f72becf0078.Уведомление о смене юр.адреса с карточкой Тема Комфорта.pdf,Уведомление о смене юридического адреса,-1,
pdf_text,0c31626d-780c-49e6-877e-07206bf2dc69.Уведомление НОПРИЗ.pdf,Уведомление о включении специалиста в реестр,-1,
pdf_text,873b2264-2f54-4465-a2ca-ff1ee619219a.Отчет об оказанных услугах_100046983_2026-04_7713076301_997750001.pdf,Счёт на оплату услуг связи,1,"на, счёт, счёт на, на оплату, оплату, счет, фактура, фактура на"
pdf_text,b82e94c7-da9d-464e-ae5a-b0fb0d9f735a.Приложение к договору ПАО Вымпелком_3814_04_01130-26.pdf,Изменение тарифов и НДС в договоре связи,-1,
pdf_text,6f59c297-1ad9-4516-b638-082929b4ef27.ТХ 25371 Ковров Космодемьянской 2100.pdf,Рабочая документация базовой станции,2,"рабочая документация, рабочая, документация, станции рабочая, станции, базовой, базовой станции, связи рабочая"
pdf_text,6d45e78d-cbbb-4593-998a-45632a5661ed.ВК-50401_03-2026-РРС.pdf,Акт строительства базовой станции,-1,
pdf_text,fa41e17c-5d55-4d8e-b3d6-a2034f4c8353.Proforma_Invoice_2BM-7713076301-2012052807251168061080000000000_2BM-7826156685-783801001-201401201117022305126_20260623_61c1f9b7-59b9-4d73-87c4-d6e56fc00c7c.pdf,Счет на услуги доставки груза,1,"на, счёт, счёт на, на оплату, оплату, счет, фактура, фактура на"
pdf_text,109ffb41-f29f-4819-924c-8457a62c64ee.Детализация №000009521 от 30.04.26.pdf,Счёт на аренду оптических волокон,1,"на, счёт, счёт на, на оплату, оплату, счет, фактура, фактура на"
pdf_text,2a6b8882-7f75-4c03-8ae1-da07a6d756ac.Гарант. письмо Полевая 127.pdf,Гарантийное письмо на строительство БС,-1,
pdf_text,522e6b2b-2495-49ed-a078-01e19070960f.10667_РД_476887_ТХ_v1.pdf,Рабочая документация на создание базовой станции,2,"рабочая документация, рабочая, документация, станции рабочая, станции, базовой, базовой станции, связи рабочая"
pdf_text,5616939f-d4ef-4a7b-871f-12061ba13d66.Policy RESO-SMB SYS2958119346.pdf,Договор страхования имущества,-1,
pdf_text,228630ac-a799-4292-9abb-0d4ddb1127e7.81163-ID_521642_ХБР_Северный_Стрельникова-ОВ.pdf,Рабочая документация на отопление вентиляции и кондиционирование,2,"рабочая документация, рабочая, документация, станции рабочая, станции, базовой, базовой станции, связи рабочая"
pdf_text,5ab64d49-7993-48e4-a6f4-0cbbb8dee68a.29522_ЯР_Скобыкинская роща_РРС1_ОЧ_29212.pdf,Строительство базовой станции сотовой связи,3,"станции сотовой, станции, сотовой связи, сотовой, базовой станции, базовой, связи, строительство базовой"
pdf_text,59bfb6e6-3914-43dc-8081-32c7319467f2.Расчет по электроэнергии 05.2026.pdf,Расчет потребления электроэнергии,1,"на, счёт, счёт на, на оплату, оплату, счет, фактура, фактура на"
pdf_text,4a77718f-203f-4b8b-85e2-1940210ee60c.ТХ мод_5460 v.2.pdf,Модернизация базовой станции сотовой связи,3,"станции сотовой, станции, сотовой связи, сотовой, базовой станции, базовой, связи, строительство базовой"
pdf_text,c018651e-38e0-4ec1-bb0f-22e2204d1e18.40219_РД_512481_РРС_v1.pdf,Рабочая документация на создание узла связи,2,"рабочая документация, рабочая, документация, станции рабочая, станции, базовой, базовой станции, связи рабочая"
pdf_text,f6774871-77a6-4528-993e-23ec77ab6d61.РРС1 83035 РсО_Синявское-Красноармейская 108А.pdf,Рабочая документация узла транспортной сети,2,"рабочая документация, рабочая, документация, станции рабочая, станции, базовой, базовой станции, связи рабочая"
pdf_text,a461af55-8657-4294-bca0-15fb71b12b94.403098746904_31.03.2026.pdf,Счёт-фактура МегаФон за период марта 2026 года,-1,
pdf_text,ab96eee9-db2a-4e9f-b380-6dfb9d84cfd7.ЭС_50226_СМР_Магистральная 80_L800_v1.pdf,Модернизация базовой станции с электрооборудованием,-1,
pdf_text,83e72f39-619b-4467-941b-0ef353d3dc71.ОВ 33985 Перелешино v1.pdf,Счет на услуги связи для вышки,1,"на, счёт, счёт на, на оплату, оплату, счет, фактура, фактура на"
pdf_tables,c418ff6e-ee36-4460-9883-75511a8023ce.Счет 391 от 01.06.2026.pdf,Счёт на получение санитарно-эпидемиологического заключения,-1,
pdf_tables,6e59b428-2556-436b-a495-b296c1160804.900900580691_CDTP_2_31.12.2025.pdf,Счёт на услуги связи Вымпелком,1,"на, счёт, счёт на, на оплату, оплату, счет, фактура, фактура на"
pdf_tables,425084e6-f602-4322-9b5d-ef1badc7e528.RENT_7713076301_Invoice_9012777892_20260428.pdf,Счёт на оплату электроэнергии,1,"на, счёт, счёт на, на оплату, оплату, счет, фактура, фактура на"
pdf_tables,5721384e-5138-414b-9067-090849be58f7.Счет на оплату № КОКО-001563 от 31 марта 2026 г.pdf,Счёт на оплату аренды,1,"на, счёт, счёт на, на оплату, оплату, счет, фактура, фактура на"
pdf_tables,9b7e215b-3f0b-4fea-8f6b-907323716d76.УПД (статус 1) № 136 от 19 мая 2026 г (2).pdf,Счет-фактура на поставку товаров,1,"на, счёт, счёт на, на оплату, оплату, счет, фактура, фактура на"
pdf_tables,9478ec9f-5dee-408e-ad96-27d1f606fbbf.УПД (статус 1) № 81 от 19 мая 2026 г.PDF,Счет-фактура на поставку товаров,1,"на, счёт, счёт на, на оплату, оплату, счет, фактура, фактура на"
pdf_tables,f92cc361-f810-42bc-809d-6162fdb52553.Счёт №259 от 30 апреля 2026.pdf,Счёт на оплату услуг аренды опоры,1,"на, счёт, счёт на, на оплату, оплату, счет, фактура, фактура на"
pdf_tables,43393060-f86e-4bc5-890e-09f2e43e8e6b.ВАкт за март эл.эн.pdf,Акт выполненных работ за март 2026 года,-1,
pdf_tables,00306d9d-fa9b-4cda-9ad1-717d146a2371.акт_сверки_202604_67b79b32-0186-4444-b78c-7687df6a4c3c.pdf,Сверка взаимных расчетов по электроэнергии,-1,
pdf_tables,709fe245-a8c7-4a57-96c6-6759e86b5153.УПД (статус 1) № 509 от 28 июля 2025 г.pdf,Аренда земельного участка,-1,
pdf_tables,f9278908-74b1-4280-b8cc-4a726b2162f1.Акт сверки взаиморасчетов № 18 от 17 апреля 2026 г.pdf,Сверка взаимных расчетов между компаниями,-1,
pdf_tables,8bfed56d-cb4c-460a-a891-dd5ce9a4498a.Бабушкина Татьяна Сергеевна_Нижний Новгород_9063529039.pdf,Заявление на замену SIM-карты,-1,
pdf_tables,8212803b-c86e-4309-92c5-ceda323c4209.Счет на оплату № 8 от 30 апреля 2026 г.pdf,Счёт на оплату аренды каналов связи,1,"на, счёт, счёт на, на оплату, оплату, счет, фактура, фактура на"
pdf_tables,5a55b5b7-fcc2-41b3-bae6-a6107d17ca54.ON_ASVER_2BM_50120002008136_2BM_2BM-773273904766-20180529045402392607300000000_20260331_a2c8a237-638e-420a-b1f8-aee1bc7606e5.pdf,Сверка расчетов по электроэнергии,-1,
pdf_tables,5eb83058-b197-4673-9129-589212aacf48.Schet__2-168_ot_30.04.2026.pdf,Платежное поручение на возмещение затрат,-1,
pdf_tables,492ef105-2bbb-4319-8557-d8135477af69.ON_SCHET_2BM-7713076301-2012052807251168061080000000000_2BM-6168002922-616801001-201408060714163447308_20260101_00066132-0000-0102-0001-000172977512.PDF,Счёт на электроэнергию за январь 2026 года,-1,
pdf_tables,4f51374b-4427-47f7-8e76-ddd523e451f5.900500996301_CDTP_2_31.05.2026.pdf,Счёт на услуги связи Ростелеком,1,"на, счёт, счёт на, на оплату, оплату, счет, фактура, фактура на"
pdf_tables,df37995b-8db1-4baf-8f95-df70302883f7.ON_SCHET___20260602_40c9d1d0-363b-409d-b86c-2475d35d3c03.pdf,Счет на оплату доступа к электрической сети,1,"на, счёт, счёт на, на оплату, оплату, счет, фактура, фактура на"
pdf_tables,5bd03910-789d-45d0-aee3-4981413a4dcd.Поступление №2016 от 31.03.26.pdf,Счет-фактура на оплату отопления,1,"на, счёт, счёт на, на оплату, оплату, счет, фактура, фактура на"
pdf_tables,c5963777-509b-4179-a54c-270ac776f157.УПД №155 от 17 февраля 2026 г.pdf,Счет-фактура на поставку товаров,1,"на, счёт, счёт на, на оплату, оплату, счет, фактура, фактура на"
pdf_tables,c71a6e9c-792d-4201-a786-240e9d3514db.900900595907_CDTP_2_28.02.2026.pdf,Счёт на услуги связи Ростелеком,1,"на, счёт, счёт на, на оплату, оплату, счет, фактура, фактура на"
pdf_tables,705d4357-734d-48b5-8a94-359b74876e05.900400985023_CDTP_2_31.01.2026.pdf,Счёт на оплату услуг связи Ростелеком,1,"на, счёт, счёт на, на оплату, оплату, счет, фактура, фактура на"
pdf_tables,2968982b-57f6-4612-bfbf-c5b1c83c6d1f.УПД (статус 1) № 146 от 23 апреля 2026 г.pdf,Счет-фактура на услуги питания,1,"на, счёт, счёт на, на оплату, оплату, счет, фактура, фактура на"
pdf_tables,aee28436-2290-4995-a245-99952a28aefe.Счет на оплату № 79 от 07 апреля 2026 г.pdf,Счёт на оказание дополнительных работ,-1,
pdf_tables,129052b2-9f24-457c-911b-391f7ea406e3.Декабрь 1312133.58.pdf,Счет-фактура на поставку воды,1,"на, счёт, счёт на, на оплату, оплату, счет, фактура, фактура на"
pdf_tables,3cd0aa5e-82cd-4c4b-bdfd-a005d8bc1162.900700776257_CDTP_2_31.12.2025.pdf,Счёт на оплату услуг связи Ростелеком,1,"на, счёт, счёт на, на оплату, оплату, счет, фактура, фактура на"
pdf_tables,a7efe6df-6a2a-458e-b670-b31c47482bcd.Счет на оплату № 45 от 03 апреля 2026 г.pdf,Счёт на оплату услуг по подключению сервисов,1,"на, счёт, счёт на, на оплату, оплату, счет, фактура, фактура на"
pdf_tables,eb355c17-8342-4ce3-a2cf-108ffc9a31d6.Акт № 63.1_УВВ-77Д-3565-20_ВымпелКом.pdf,Корректировочный акт оказания услуг,-1,
pdf_tables,b934831e-09db-484c-8307-8487e6607366.Альбом 1 ТХ 55273 УлО_Дмтр_Гончарова-2.pdf,Строительство базовой станции связи,-1,
pdf_tables,e28c592d-34da-4cd2-8672-642008cdab33.Копия заказ SKH260618_1819_110.pdf,Заказ на демонтаж кабельной инфраструктуры,-1,
pdf_tables,ce8c0816-04f2-44b6-af90-199ab0c35993.Гордиенко Никита Яковлевич_Краснодар_9673178233.pdf,Заявление на замену SIM-карты,-1,
pdf_tables,db72eabb-0159-4b3e-aae5-8baeb8575425.Счет_№_469796_от_01_06_2026.pdf,Счёт на оплату услуг связи,1,"на, счёт, счёт на, на оплату, оплату, счет, фактура, фактура на"
pdf_tables,a46bff93-9285-4f09-8a1b-c1533d3415fb.ON_BILL_2BM_2BM_20260601_735120549#9398433#I.pdf,Счёт на оплату услуг связи МегаФон,1,"на, счёт, счёт на, на оплату, оплату, счет, фактура, фактура на"
pdf_tables,c62a70ae-0670-4860-8f47-923663dd6de8.900600894844_CDTP_2_30.04.2026.pdf,Счёт на услуги связи Ростелеком,1,"на, счёт, счёт на, на оплату, оплату, счет, фактура, фактура на"
pdf_tables,1a17c52d-e998-4c2b-8686-000482110616.КМД 65260 СтК_КСЛВ-Дзержинского 26-Model.pdf,Рабочая документация для базовой станции,2,"рабочая документация, рабочая, документация, станции рабочая, станции, базовой, базовой станции, связи рабочая"
pdf_tables,808b9d5d-b43f-4cf0-88f5-4ce41f1e8224.ON_PRSCHETKURSK_2BM-7713076301-2012052807251168061080000000000_2BE3EE8FF53EF814A4AA549A4A1411F21E7_20260501_00087518-0000-0135-0000-000036241733.PDF,Предварительная оплата за электроэнергию,1,"на, счёт, счёт на, на оплату, оплату, счет, фактура, фактура на"
pdf_tables,0ea676ec-6e21-47b2-b1ea-93462108370a.28110_Алексин Некрасова 25_КМ.pdf,Рабочая документация базовой станции,2,"рабочая документация, рабочая, документация, станции рабочая, станции, базовой, базовой станции, связи рабочая"
pdf_tables,00fe302e-0675-4f55-b742-bca95705cfde.Печатная форма АТП 51275_Подп.pdf,Акт приемки объекта связи,-1,
pdf_tables,cea3b083-819b-4a2a-b00b-060487a8c228.Счет на оплату  141 от 01 апреля 2026 г.pdf,Счёт на оплату аренды помещения,1,"на, счёт, счёт на, на оплату, оплату, счет, фактура, фактура на"
pdf_tables,10fe0fbd-cf8c-47b0-bff3-25dff805ef9f.ON_SCHETPENI_2BE44A901998E534B10A8B91991968296C0_2BE7C381EF586B646169206AEFFFF1A847C_20260301_00024318-0000-0124-0001-000015760745.PDF,Платежное поручение по пени за электроэнергию,-1,
pdf_tables,3027daeb-20db-4f36-8651-a148a8478618.АктПриемки_WXX-4997325-1YAR3000KW.PDF,Акт приема оборудования для хранения,0,"акт, оборудования, приема, акт приема, оборудования акт, передачи, приема передачи, передачи оборудования"
pdf_tables,751eacb0-7125-46b7-afe9-64488f68f0e6.RENT_7713076301_Invoice_9013082758_20260131.pdf,Счёт на оплату электроэнергии,1,"на, счёт, счёт на, на оплату, оплату, счет, фактура, фактура на"
pdf_tables,b37ba320-a21f-4371-9261-64138585c8d0.Счет № 26 от 27.03.2026-ПАО Вымпел-Ком-эл.энергия-Н-Гл-март 2026-факт-ЭДО.pdf,Счёт на оплату электроэнергии,1,"на, счёт, счёт на, на оплату, оплату, счет, фактура, фактура на"
pdf_tables,8df28e48-d6f6-47fa-b7d7-380bcabc246f.Счет на оплату № 560 от 30 ноября 2025 г.pdf,Счёт на оплату электроэнергии,1,"на, счёт, счёт на, на оплату, оплату, счет, фактура, фактура на"
pdf_tables,4669d571-655e-4c66-8392-7eed3ea3f4f7.сч  102 _0126  за 01.2026 ЭКУ .pdf,Счёт на оплату коммунальных услуг,1,"на, счёт, счёт на, на оплату, оплату, счет, фактура, фактура на"
pdf_tables,df0f61de-1eee-4ea3-96aa-79e80dbeab37.АМО на MRB00RURYA026355— РЯЗ_Советской Армии 16.pdf,Акт монтажа телеком оборудования,-1,
pdf_tables,502c242f-14af-4ac5-acfc-a58864cce0e6.Акт об оказании услуг № 105 от 30 апреля 2026 г.pdf,Акт выполненных телекоммуникационных услуг,-1,
pdf_tables,50348d1d-bb8a-4dce-b4f2-21ae1a32df2f.ЭМ_58-58 Билайн_офисы. ОП Хабаровск (отд. Биробиджан). Февраль 2026 - Акт.pdf,Акт сдачи-приемки клининговых услуг,0,"акт, оборудования, приема, акт приема, оборудования акт, передачи, приема передачи, передачи оборудования"
pdf_tables,a082810e-2f8d-401d-a9f4-a164f49e343c.Счет-фактура №90391 от 30.04.26.pdf,Счет-фактура на электрическую энергию,1,"на, счёт, счёт на, на оплату, оплату, счет, фактура, фактура на"
pdf_tables,a3572f96-d57f-46eb-89ec-a5f159ae433b.Счёт_№683_от_31.03.2026.pdf,Счёт на услуги медосмотров,-1,
pdf_tables,2254c574-2d0d-41a5-b53b-c1f160aca837.ВымпелКом 07-518_04.pdf,Акт оказания услуг по аренде площадки,-1,
pdf_tables,25d3826e-9035-42a8-a802-2a4cd6d3f1ad.Приложение 01.2026 расчёт КУ ВЫМПЕЛКОМ к реестр начислений №ДТ_2028 от 31.01.2026 _Ком. услуги за ян.pdf,Счёт на оплату электроэнергии,1,"на, счёт, счёт на, на оплату, оплату, счет, фактура, фактура на"
pdf_tables,f21f3035-a0a4-4984-af88-e96834c110b8.Счет на оплату № 202 от 13 февраля 2026 г.pdf,Арендная плата за размещение оборудования,-1,
pdf_tables,ff99e92d-2270-494b-8b5a-f02414eea690.АктПриемки_WXX-5159748-2RND310LW.PDF,Акт приема оборудования и материалов,0,"акт, оборудования, приема, акт приема, оборудования акт, передачи, приема передачи, передачи оборудования"
pdf_tables,0e619094-490e-4deb-8104-85808ffc4d49.Счет на оплату № 5 от 31 января 2026 г (3).pdf,Счёт на оплату аренды,1,"на, счёт, счёт на, на оплату, оплату, счет, фактура, фактура на"
pdf_tables,10099b25-7d12-4059-b83b-04e03b06a4f6.01 2026 Ижевск Вымпелком Книга.pdf,Счет-фактура на продажи за 2026 год,-1,
pdf_tables,15ac92dd-b9c1-4df7-b92f-2f33a6a6327a.ON_SAVAN_2BM-7713076301-2012052807251168061080000000000_2BM-_1322249-2013061112355307221020000000000_20260212_51134f31-54dd-48f9-8787-1766b9b06334_0_0_0_0_0_00.pdf,Предварительный платеж за электроэнергию,-1,
pdf_tables,0e63d801-11f8-414c-90dc-e6e1f008c313.Вымпел-Коммуникации Akt snyatiya pokazaniy schetchika № BP-285 ot 30.04.2026.pdf,Акт снятия показаний счетчика,-1,
pdf_tables,24f376e3-e8cc-4758-b04f-c5f7a355380c.Счет на оплату № 194 от 01 апреля 2026 г.pdf,Счёт на оплату аренды помещения,1,"на, счёт, счёт на, на оплату, оплату, счет, фактура, фактура на"
pdf_tables,3d2b152c-944a-419a-b97b-1ea3d176d071.Счет на оплату № 486 от 09.02.2026.pdf,Счет на поставку видеокамер,-1,
pdf_tables,fabab88c-55c1-4322-836a-9b82f2b20c9b.9722872c-2ef7-4a8f-bc9b-450d3977385f_31.12.2026.pdf,Доверенность на полные права,-1,
pdf_tables,"ccd75395-6de9-4455-9006-6fdd2ca0e096.акт_14 795,00.pdf",Акт выполненных работ по ремонту автомобиля,0,"акт, оборудования, приема, акт приема, оборудования акт, передачи, приема передачи, передачи оборудования"
pdf_tables,21bc4993-f960-4f6a-85dc-9d90b593e450.ON_SCHET_2BM-7713076301-2012052807251168061080000000000_2BEb3a11426ba21487bb94eb837c2df5238_20260105_C72598E7-3079-47ED-A2B3-0802A531D73B.pdf,Счёт на оплату электроэнергии,1,"на, счёт, счёт на, на оплату, оплату, счет, фактура, фактура на"
pdf_tables,fee501cf-f1bd-4ea8-9861-623fbfbb9035.Счет №253 Вымпелком.pdf,Счёт на оплату телекоммуникационных услуг,1,"на, счёт, счёт на, на оплату, оплату, счет, фактура, фактура на"
pdf_tables,7e6ef951-a23b-4678-bef5-899c51c4b6de.39.pdf,Счёт на услуги связи за апрель 2026,-1,
pdf_tables,277f0150-a952-4b0f-89a3-977f58e76f14.СчетЗаказ.pdf,Аренда котельной для сотовой связи,-1,
pdf_tables,00c9d29d-d98a-474c-81f3-18a7fce816d8.28149_Новая Тула_ТХ.pdf,Рабочая документация базовой станции,2,"рабочая документация, рабочая, документация, станции рабочая, станции, базовой, базовой станции, связи рабочая"
pdf_tables,c84c1b13-8f56-4ab4-a92e-b0ea2b7a5a56.АД 65707_GR_Saltykova-Schedrina 114.pdf,Акт возврата оборудования на склад,-1,
pdf_tables,a0df9265-c448-4caa-8883-9697c52ce27a.Счет на оплату № 533 от 28 апреля 2026.pdf,Счёт на оплату лицензионных прав,-1,
pdf_tables,0088ac75-1197-416b-aacd-22901ac69d78.Заказ-наряд ЗН-910 от 08.04.2026.pdf,Акт технического обслуживания автомобиля,-1,
pdf_tables,b0984dc0-db1f-44c6-bdc9-4101f1c4ca0b.РасчетнаяВедомость_из_СФ_741000000000085380.pdf,Расчетная ведомость за отопление,-1,
pdf_tables,590e2687-a4d1-4aaf-819c-ca889ef16c28.Schet_pokupatelyu.pdf,Счёт на оплату услуг связи,1,"на, счёт, счёт на, на оплату, оплату, счет, фактура, фактура на"
pdf_tables,facfcbe0-7eac-4535-9aa6-0d356142a227.Счет №18 от 03.02.2026.pdf,Счет на оплату электроэнергии,1,"на, счёт, счёт на, на оплату, оплату, счет, фактура, фактура на"
pdf_tables,029858dd-a328-4075-9b77-679c0daf5a0e.вымп_упд.pdf,Счет-фактура на услуги связи,1,"на, счёт, счёт на, на оплату, оплату, счет, фактура, фактура на"
pdf_tables,8234a1cd-6946-43b1-9b85-dbdef18236c4.Счет_7713076301_997750001_1273851_2026.01.31_100168587.pdf,Счёт на оплату аренды за январь 2026,-1,
pdf_tables,dad28f42-aad6-46ad-9650-55c6c682510b.Вед__Вымпел_166.pdf,Ведомость потребления электрической энергии,-1,
pdf_tables,7fb0062a-fe7a-4bd7-b789-4904db54b2e6.RENT_7713076301_Invoice_9013187265_20260501.pdf,Счёт на оплату электроэнергии,1,"на, счёт, счёт на, на оплату, оплату, счет, фактура, фактура на"
pdf_tables,19e352c2-fdca-4555-a811-5ec979a64107.Detail_364000015979_1_202602.pdf,Расчет задолженности по услугам Ростелекома,-1,
pdf_tables,addf410c-332c-4a64-9c09-38970be3d212.Счет на оплату № 399 от 01 января 2026 г.pdf,Счёт на оплату вознаграждения,1,"на, счёт, счёт на, на оплату, оплату, счет, фактура, фактура на"
pdf_tables,a645c195-2ada-4ea8-8baa-ab2f190842b8.ON_VEDEHEH_2BEAECBBEC061354C7BB0AD8218340900E8_2BE88DE42CBE99B4E299A04EC85B865224A_20260101_00018866-0000-0108-0001-000046479450.pdf,Ведомость электропотребления за январь 2026,-1,
pdf_tables,3ba9b744-b127-4a41-88ce-122bf377c792.УПД (статус 2) № 494 от 31 октября 2025 г.pdf,Счет-фактура на оплату электроэнергии,1,"на, счёт, счёт на, на оплату, оплату, счет, фактура, фактура на"
pdf_tables,52c12eb2-798e-41dd-8db9-6a74e1c0a336.КС-3 № B2B2635401-0000021 от 08.06.2026.pdf,Справка о стоимости выполненных работ,-1,
pdf_tables,83d43936-73da-4ed3-8104-7c7a195b7804.Акт сверки № RW-113 ВЫМПЕЛКОМ от 21.04.2026.pdf,Сверка взаимных расчетов между компаниями,-1,
pdf_tables,6b3e1d83-941a-4641-9d3a-77f795ce4669.ТС Ботаника 3_26-1.pdf,Смета на проектирование пожарной безопасности,-1,
pdf_tables,1ad95df9-4130-4d2c-9b36-2bf95fddd9ee.900700538395_CDTP_2_31.12.2025.pdf,Счёт на услуги связи Ростелеком,1,"на, счёт, счёт на, на оплату, оплату, счет, фактура, фактура на"
pdf_tables,2618bc8d-c7c1-4a15-9d89-6a787e9ff052.ВымпелКом_дог.2517-УП от 11.04.2017г._Апрель 2026г._счет аванс.pdf,Счет на оплату аванса за услуги,1,"на, счёт, счёт на, на оплату, оплату, счет, фактура, фактура на"
pdf_tables,a33976cf-4ccf-4522-95d8-6842f09f6cc9.Вымпелком акт.pdf,Акт выполненных услуг связи за январь 2026 года,-1,
pdf_tables,177b9f2e-f9b2-47b9-a02f-95ce6603f8cb.УПД 107 от 24.02.2026.pdf,Счет-фактура на поставку товаров,1,"на, счёт, счёт на, на оплату, оплату, счет, фактура, фактура на"
pdf_tables,b59c7ef2-f5b5-40a1-99fa-52b0f22a3069.01_oblaka_raschety_Vympelkom_BS.pdf,Расчет потребления электроэнергии,1,"на, счёт, счёт на, на оплату, оплату, счет, фактура, фактура на"
pdf_tables,77b23ff7-ab24-45b3-83c0-2af7519ff4d3.УПД (статус 1) № 2 от 31 января 2026 г.pdf,Счет-фактура на поставку товаров,1,"на, счёт, счёт на, на оплату, оплату, счет, фактура, фактура на"
pdf_tables,0166f8cc-80da-4968-b20c-19995d5ac65d.Счет на оплату (ЦБО) № 3-107 от 28.02.2026.pdf,Счёт на оплату доступа к ВЛ,1,"на, счёт, счёт на, на оплату, оплату, счет, фактура, фактура на"
pdf_tables,9d40b36c-97f4-4d60-950c-54a1044f0a27.Счет агентское вознаграждение (2).pdf,Платежное поручение за агентское вознаграждение,-1,
pdf_tables,c4c2bb14-d4a9-4ac7-914b-2a90dd3035db.Счет на оплату № 11 от 31 мая 2026 г.pdf,Счёт на возмещение расходов за электроэнергию,-1,
pdf_tables,949c5d39-c689-43fc-b6b0-0b713cb6da30.900300724688_CDTP_2_31.03.2026.pdf,Счёт на оплату трафика Вымпелком,-1,
pdf_tables,4ee8c783-8dc0-4f85-b89d-31d7fa978edd.Счет № 29657 от 28 февраля 2026 г..pdf,Оплата размещения оборудования,-1,
pdf_tables,175f5ec4-4651-460a-b3b0-1da26d816b53.ON_BILL_2BM_2BM_20260401_735110326#9213526#I.pdf,Счёт-фактура на услуги связи МегаФон,1,"на, счёт, счёт на, на оплату, оплату, счет, фактура, фактура на"
pdf_tables,8080631e-73fa-46cb-9c1d-5a24b8571fa9.ТКО_Счет_фактура_№68416_от_30_апреля_2026 г.pdf,Услуги по обращению с твердыми коммунальными отходами,-1,
pdf_tables,f190f6c7-8169-494a-9999-331e7c39e28c.Schet_na_oplatu__53_ot_30_aprelya_2026_g.pdf,Счёт на оплату аренды,1,"на, счёт, счёт на, на оплату, оплату, счет, фактура, фактура на"
pdf_tables,1358a7d7-9d41-40b2-b93e-2de2be4171f4.900700905896_CDTP_2_30.04.2026.pdf,Счёт на оплату услуг связи Ростелеком,1,"на, счёт, счёт на, на оплату, оплату, счет, фактура, фактура на"
pdf_tables,900ee5ce-297d-4365-a5eb-cf741f3cd81f.Счет+отчет ВымпелКом февр 26.pdf,Счёт на оплату медицинских осмотров,-1,
pdf_tables,97f44c09-79df-44c8-af98-e4b0aa8cc255.УПД (статус 2) № 102 от 30 апреля 2026 г.pdf,Счет на возмещение затрат по электроэнергии,1,"на, счёт, счёт на, на оплату, оплату, счет, фактура, фактура на"
pdf_tables,f66b55f7-05df-40c6-ab62-6c1d4732e4b2.ON_SCHET___20260528_3c0f736f-2b48-4cf7-bcb5-b741136e90de.pdf,Счёт на оплату организации канала связи,-1,
pdf_tables,4e4c4e90-fccb-4906-a097-96ed4abf83d5.249 Вымпелком.pdf,Счет-фактура на поставку товаров,1,"на, счёт, счёт на, на оплату, оплату, счет, фактура, фактура на"
pdf_tables,5d93c715-ac4b-480f-98dd-97ab8a0f01b6.Отчет о реализованных услугах DG661.pdf,Отчет о потребленных телекоммуникационных услугах,-1,
pdf_tables,4cfb187a-8ada-438d-a0eb-eb9ba33afd91.ТХ БС_53961 Орск-Ленина62.pdf,Технологические решения для сотовой связи,-1,
pdf_tables,46cd15ff-3e9f-41f1-a7d5-ac2fd77a8919.Счет на оплату № 40 от 01 мая 2026 г.pdf,Счёт на оплату аренды за май 2026 года,-1,
pdf_tables,5d3e1b83-3a66-44e8-8ca4-c52e78c67b42.Счет на оплату № 471 от 03 июня 2026 г.pdf,Аренда нежилого помещения за июнь 2026 года,-1,
pdf_tables,09ef1826-ae87-4ce7-8404-1a32b5a13c0d.УПД_Прогресс ЦНТИ.pdf,Счет-фактура на оказание услуг,1,"на, счёт, счёт на, на оплату, оплату, счет, фактура, фактура на"
pdf_tables,1c20389e-c69c-41be-8aca-38ca00e8d2ef.Абрамова Вилена Дмитриевна_Краснодар_9628743419.pdf,Заявление на замену SIM-карты,-1,
pdf_tables,b5afef1b-b420-4351-9f07-0e463c22ea89.900300733284_CDTP_2_31.03.2026.pdf,Счёт на услуги связи Ростелеком,1,"на, счёт, счёт на, на оплату, оплату, счет, фактура, фактура на"
pdf_tables,c84fe848-6865-450d-93c3-68a6464f3b11.Счет № ГУ-24 от 28.02.2026.pdf,Аренда нежилой площади за февраль 2026 года,-1,
pdf_tables,bfd9ee1d-8bae-4fd3-abf9-9cc9d6170a31.УПД №70010015647 от 31.01.26.pdf,Универсальный передаточный документ,-1,
pdf_tables,43c4f5e4-d740-4f12-aebe-670e5b6ad2d5.ON_SCHET___20260216_a646dd0b-1e76-45bf-9a09-3e3d11ccdb7f.pdf,Счет на оплату аренды,1,"на, счёт, счёт на, на оплату, оплату, счет, фактура, фактура на"
pdf_tables,3caf133a-6fd6-4e02-bcea-c8f693317a34.Dokument.pdf,Расчет коммунальных платежей за аренду,-1,
pdf_tables,5d188a59-6153-4b3c-b101-1f48c03e226d.ON_SCHET___20260409_62eae60d-e178-4b5a-90f4-a79d78510c1e.pdf,Счёт на демонтаж проектов,-1,
pdf_tables,1e712300-73c2-4a3a-bab3-b51412a1f711.00F6435040140M.pdf,Условия начисления бонуса за продажи,-1,
pdf_tables,6d33b2ac-b5ab-4c2f-81b8-989dc158790d.УПД № 101172132920 от 31.12.2025.pdf,Услуги связи от ВымпелКом,-1,
pdf_tables,"293c5b28-801d-40b3-8075-7c00a1251bad.График Вертекс Ленинградская обл., г. Всеволожск, Всеволожский пр., 55.pdf",Календарный график строительных и монтажных работ,-1,
pdf_tables,b83877e1-4283-486c-9983-71bf49ad71f0.РРС1 81160 СтК_ЕСНТ-Гагарина 13-ОДН-Model.pdf,Рабочая документация радиорелейной связи,2,"рабочая документация, рабочая, документация, станции рабочая, станции, базовой, базовой станции, связи рабочая"
pdf_tables,fa2ad3dc-d425-48a9-affe-89fc5ada7582.ON_BILL_2BM_2BM_20260401_735024267#9230861#I.pdf,Счёт на оплату услуг связи МегаФон,1,"на, счёт, счёт на, на оплату, оплату, счет, фактура, фактура на"
pdf_tables,133cf10c-1782-4af8-ae7e-2065f820c9a9.Акт об оказании услуг № 9 от 28 февраля 2026 г.pdf,Акт выполненных услуг по электроэнергии,-1,
pdf_tables,df2d531f-0b8c-48fc-bc39-abd8899fe464.Счет на оплату №138 от 27.05.2026.pdf,Счёт на услуги и материалы,1,"на, счёт, счёт на, на оплату, оплату, счет, фактура, фактура на"
pdf_tables,7f2e5ace-d6ec-41c7-b366-7be517e36686.АДО БС_26091 подписан.pdf,Акт возврата оборудования на склад,-1,
pdf_tables,58e29c3c-e44e-40d8-b234-a6a8a3c01685.41941_AKB ROSBANK_ЭС_v_1.pdf,Рабочая документация базовой станции,2,"рабочая документация, рабочая, документация, станции рабочая, станции, базовой, базовой станции, связи рабочая"
pdf_tables,"256affd1-8383-463d-931a-cdcbf92ad7e3.Вымпел-Коммуникации 57298,09 расш.pdf",Услуги размещения оптоволокна в канализации,-1,
excel_xlsx,"3a08df3c-fe87-4df4-b812-e6ffe9feb0b3.Вымпелком дог 708518638_апрель 5 370,16 руб (2026).xlsx",Расходы на связь и IT-обслуживание,-1,
excel_xlsx,3a760621-88c5-40c2-8667-f5fe218ccb7d.Счёт 05(02)26.xlsx,Счет на аварийно-восстановительные работы,-1,
excel_xlsx,ebb2338c-e1ad-42b1-a693-56b761d87c11.xls,Акт приема-передачи оборудования,0,"акт, оборудования, приема, акт приема, оборудования акт, передачи, приема передачи, передачи оборудования"
excel_xlsx,21469b15-b61d-4b53-9691-8d4ee8b106d3.Смета Нальчик Кавказ Билайн Май 2026.xlsx,Смета дополнительных работ на объекты,0,"акт, оборудования, приема, акт приема, оборудования акт, передачи, приема передачи, передачи оборудования"
excel_xlsx,7b0f40ee-0de3-42e6-86d4-16c693e542ea.Смета №437 Тамбов  за март(1с) (1).xlsx,Сметный отчет на ремонт и монтаж,-1,
excel_xlsx,5ff154cd-c6f9-48ae-b340-cbdd522e8af9.05.2026_Расчет возмещения расходов по электроэнергии_Вымпелком_Дог.33-19.xlsx,Расчет компенсации расходов на электроэнергию,-1,
excel_xlsx,0ebd5d97-0b79-4a96-a94e-16994767b66d.2802-0059 согл_19.03.26_Билайн_г. Южно-Сахалинск ул. Комсомольская д.259 В_витрины.xls,Смета дополнительных работ на объект,-1,
excel_xlsx,17b20d8c-3899-436a-b63e-ea7408cfc48f.AR_IN_1898784_8YSH320LWb.xlsx,Акт о расхождениях при приемке товара,-1,
excel_xlsx,52181d0a-bc6c-4aeb-a342-97740c892c7b.Акт 12_2025_D23S00227266__F250560E-0270-4B9A-ACC8-DD3B1480C938.xlsx,Акт возмещения расходов на электроэнергию,-1,
excel_xlsx,3fc10ebe-4bd0-4490-b888-eea7d8ba8183.Справочный расчет о стоимости за Май 2026 г._ ВК РТ на выставление.xlsx,Расчет стоимости электроэнергии,1,"на, счёт, счёт на, на оплату, оплату, счет, фактура, фактура на"
excel_xlsx,dc257833-e797-4566-a110-ab6114caa386.Счет 661 от 31.05.2026 Вымпелком.xls,Счёт на оплату аренды,1,"на, счёт, счёт на, на оплату, оплату, счет, фактура, фактура на"
excel_xlsx,2ae48a30-bdb3-43e2-8f34-3ce9d539ad08.Смета Курск № 413 за февраль согл.xlsx,Смета на ремонт рекламной вывески,-1,
excel_xlsx,63073673-1acd-4a14-9930-7907ff476a0c.Билайн 6пав.xlsx,Расчет потребления электроэнергии,1,"на, счёт, счёт на, на оплату, оплату, счет, фактура, фактура на"
excel_xlsx,7c6a3741-bee0-4aa8-9ed9-74ef8f6422aa.УПД (статус 2) № 7 от 31 мая 2026 г.xlsx,Счет-фактура на поставку товаров,1,"на, счёт, счёт на, на оплату, оплату, счет, фактура, фактура на"
excel_xlsx,34768ce3-23a8-407f-a508-87987b228c45.xls,Акт приема-передачи оборудования,0,"акт, оборудования, приема, акт приема, оборудования акт, передачи, приема передачи, передачи оборудования"
excel_xlsx,2a78dfa4-cae1-48c5-9a82-f5de9a0064b1.xls,Акт приема-передачи оборудования,0,"акт, оборудования, приема, акт приема, оборудования акт, передачи, приема передачи, передачи оборудования"
excel_xlsx,"ee11715f-66e7-4a77-abd5-0cdde1983569.Смета Унеча, ул. Иванова, д. 10 - стул ИЗО.xlsx",Смета дополнительных работ на объект,-1,
excel_xlsx,"b7ad7055-a383-4b18-88e1-1669371f8cb4.Вымпелком (30945,30) Счет на оплату № 32 от 17 апреля 2026 г.xls",Выполнение аварийно-восстановительных работ,-1,
excel_xlsx,dce04f2d-b84c-4b52-a5f0-414f547cda20.Акт возврата ТМЦ на склад Отгр1954214.xlsx,Акт возврата товаров на склад,-1,
excel_xlsx,436fc810-558a-4286-804a-4623fb15ce47.Счет на оплату № 919 от 27 апреля 2026 г.xlsx,Счет на возмещение затрат на оценку помещения,-1,
excel_xlsx,866e067f-b3ed-4523-bb0d-5ae2659d70ee.SI-5138938-8HAB310SW_CH.xls,Акт приема-передачи оборудования,0,"акт, оборудования, приема, акт приема, оборудования акт, передачи, приема передачи, передачи оборудования"
excel_xlsx,a48a928b-d174-4e6e-85e9-641ff0ddf190.КС3.xls,Справка о стоимости выполненных работ,-1,
excel_xlsx,2585f41a-aa1b-49ed-935e-91bb5d8f8fac.SI-3998392-8YKT310SW.xls,Акт приема оборудования и материалов,0,"акт, оборудования, приема, акт приема, оборудования акт, передачи, приема передачи, передачи оборудования"
excel_xlsx,"c560080e-6fdf-4a07-b1d6-8593b8ee5a6f.Вымпелком дог 882708170_май 454, 01 (2026).xlsx",Расходы на услуги связи и IT,-1,
excel_xlsx,ba552795-6f59-480c-94f0-0a5820e3271f.Акт об оказании услуг № 4 от 31 января 2026 г.xlsx,Акт выполненных услуг аренды МОП,-1,
excel_xlsx,6727bdda-7a10-4c0e-804c-104b8d06a29b.Счёт к ДС 413.xlsx,Счет на прокладку ВОЛС,-1,
excel_xlsx,"961f5584-208c-4108-96f2-af6f24213faf.Смета Самарская обл., Самара ,ш.Южное д. 5 Договору Д251024 от 04.09.2025.xlsx",Смета на ремонт и поставку оборудования,0,"акт, оборудования, приема, акт приема, оборудования акт, передачи, приема передачи, передачи оборудования"
excel_xlsx,bedd71a7-84d4-40bf-853d-6934b7e97ad6.Транспортная накладная № 2022026-07 от 02.02.2026.xls,Транспортная накладная на груз,-1,
excel_xlsx,729a39ec-ae5a-44f6-9a85-eb1898acb3e2.актмай2026.xls,Акт выполненных услуг за май 2026 года,-1,
excel_xlsx,64016aff-37f2-4fdf-b038-b03f9f4ea6be.AR_SN_REP_160832780_LL_HQ310Zb.xlsx,Акт о рассогласованиях покладского груза,-1,
excel_xlsx,f846ada1-0e2f-486b-ace4-08cd7dc50c85.Ставрополь АДМ Декабрь.xlsx,Смета на прокладку и монтаж кабеля,-1,
excel_xlsx,439d4a1e-3b88-49a3-8ab9-ce5979be1151.SI-5142358-8YKT320SWB_СН.xls,Акт приема-передачи оборудования,0,"акт, оборудования, приема, акт приема, оборудования акт, передачи, приема передачи, передачи оборудования"
excel_xlsx,3feecef3-4e1e-4e00-a1f3-b511adc32c5e.Форма_3.xlsx,Отчет о реализованных услугах связи,1,"на, счёт, счёт на, на оплату, оплату, счет, фактура, фактура на"
excel_xlsx,d1a1fc81-9814-441e-a96b-2c502c93ec89.xls,Акт приема-передачи оборудования,0,"акт, оборудования, приема, акт приема, оборудования акт, передачи, приема передачи, передачи оборудования"
excel_xlsx,7d4553b1-838b-4aef-bc50-55798435658b.АКТ монтажа_Смоленск_УМ и ПУ( Заказ №2 ЗИП).xls,Акт монтажа оборудования ВымпелКом,-1,
excel_xlsx,506c9968-5b44-4692-ba42-3f7197cb5fb4.xls,Акт приема-передачи оборудования,0,"акт, оборудования, приема, акт приема, оборудования акт, передачи, приема передачи, передачи оборудования"
excel_xlsx,51b6e99b-2aab-4206-a46d-9146fd8dbdfe.согл_БИ_ОФ_доп работы_НОВОСИБИРСК_апрель (99).xlsx,Смета на техническое обслуживание и ремонт,-1,
excel_xlsx,a740c734-769c-4f00-921f-71a939033e2f.xls,Акт приема-передачи оборудования,0,"акт, оборудования, приема, акт приема, оборудования акт, передачи, приема передачи, передачи оборудования"
excel_xlsx,8280b78e-291f-4da6-afaf-485997ea5892.Счет на оплату № 5 от 17 марта 2026 г.xlsx,Счёт на оплату работ по реконструкции электроснабжения,-1,
excel_xlsx,6434e18c-3a35-4638-987b-2cca2573a051.КС3_ Красноярск 24_1-2026 (2).xls,Справка о стоимости выполненных работ,-1,
excel_xlsx,"1e0eea83-9557-429a-9fe7-9b91dad4ea93.У Смета ТО Изобретатель_Георгиевск, ул. Калинина, д. 11Б.xlsx",Дополнительное соглашение к смете на оборудование,-1,
excel_xlsx,9e36eec1-0a84-4ed2-8a7e-475bc5f7450f.КС2_Краснодар 23_1-2026.xls,Акт приемки монтажных работ,-1,
excel_xlsx,12bee22d-7965-446a-82a7-a907e253b4e7.Книга продаж (2026) № БУ-42 от 31.01.2026.xlsx,Книга продаж ПАО ВЫМПЕЛКОМ,-1,
excel_xlsx,82be4d93-cd14-4189-b76c-16f8a14a6898.Смета  Тольяттиннский ф-л февраль.xlsx,Смета на ремонт витрин и мебели,-1,
excel_xlsx,8a569122-feba-49e6-b7b8-232b77ca47b8.SI-4095828-8HAB320SWB_CH.xls,Акт приема-передачи оборудования,0,"акт, оборудования, приема, акт приема, оборудования акт, передачи, приема передачи, передачи оборудования"
excel_xlsx,59e9fa87-3318-4d36-b896-e3448cd7a7d8.SI-5039263-8IRK320SWB_CH.xls,Акт приема-передачи оборудования,0,"акт, оборудования, приема, акт приема, оборудования акт, передачи, приема передачи, передачи оборудования"
excel_xlsx,b06118b1-8e04-4dfd-b10c-8d7c0520f6a3.КС-2 № B2B2668055-0000004 от 04.02.2026.xlsx,Акт приемки выполненных работ,0,"акт, оборудования, приема, акт приема, оборудования акт, передачи, приема передачи, передачи оборудования"
excel_xlsx,fb0cf3c5-e60f-49d9-b1dc-2de671e0b911.SI-5102441-8YKT360SW_СН.xls,Акт приема-передачи оборудования,0,"акт, оборудования, приема, акт приема, оборудования акт, передачи, приема передачи, передачи оборудования"
excel_xlsx,f7083ba2-3e7d-4949-a74b-650016440a0c.AR_SN_REP_20250515_STV_16774764.xlsx,Акт о рассогласованиях поклажа,-1,
excel_xlsx,44916e3c-1a50-40d5-8dc3-e7a062f5dc7d.Счет на оплату покупателю № 529 от 01 апреля 2026 ВК 04-07.XLS,Счет на оплату аренды оборудования,1,"на, счёт, счёт на, на оплату, оплату, счет, фактура, фактура на"
excel_xlsx,adbd337e-9489-47a1-a13f-718c5c4edfa8.14932 Кл-Виктория5 ID519431 Задание на Демонтаж.xls,Задание на демонтаж телеком оборудования,-1,
excel_xlsx,50a7f264-775f-44aa-b0e8-de6b27c07aca.Прил к Акту №1 к Заказу ВВОД №Т-2-2026.xls,Смета электромонтажных работ по объектам,-1,
excel_xlsx,991e88c1-64d3-4cf1-9d6a-f7d092d94e7c.АКТ № STK250930_1090_22_2061296.xlsx,Акт сдачи-приемки выполненных работ,0,"акт, оборудования, приема, акт приема, оборудования акт, передачи, приема передачи, передачи оборудования"
excel_xlsx,dd04990b-51af-41ea-9add-2202dc5f46d1.56470 Мичурина 90 (Стадион Торпедо)   январь 26.xlsx,Расчет электроэнергии базовой станции,-1,
excel_xlsx,6c8a7725-bb00-4c3f-9821-df16f1788cb6.Счет504 31.03.26 Билайн Самара.xlsx,Счёт на оплату уборки помещений,-1,
excel_xlsx,8d1f5e98-96ef-4407-84e4-e322b816852e.таблица 311 28.02.2026 Билайн Тюмень.xlsx,Учет уборки помещений Тюменской области,-1,
excel_xlsx,6c19cfa7-8a55-4143-9216-b9bcd8868a7f.52 _Шаринг_Акт25.1_МТС_03.06.2026_2БС_DCS1800_2B01FAFA-114D-4ABF-83E6-4D5DF99943DF.xlsx,Акт предоставления доступа к оборудованию,-1,
excel_xlsx,084758c2-0403-477d-aa88-3960401cb60a.Ненецкий А.О.xlsx,Спецификация абонентских номеров,-1,
excel_xlsx,cf5f5bae-4b4e-4532-84ad-d72e65fcf03d.AR_IN_1892998_4NSK3001LW.xlsx,Акт о расхождении при приемке товара,-1,
excel_xlsx,ed432847-49b3-4202-8574-be728e33c34a.AR_IN_1886971_4NSK320LWZ.xlsx,Акт о расхождении при приемке оборудования,0,"акт, оборудования, приема, акт приема, оборудования акт, передачи, приема передачи, передачи оборудования"
excel_xlsx,4301e677-1ea2-4cd5-b786-461b15168606.Счет-фактура № 6 25185976 от 22 апреля 2025 г.xlsx,Услуги по размещению рекламы,-1,
excel_xlsx,53f896aa-05af-4530-b456-a6e02b04001b.xls,Акт приема-передачи оборудования,0,"акт, оборудования, приема, акт приема, оборудования акт, передачи, приема передачи, передачи оборудования"
excel_xlsx,fad7afb4-d086-42e2-818e-bfb626e7a9a8.AR_IN_1915549_LL_Ms316W.xlsx,Акт о расхождении при приемке товара,-1,
excel_xlsx,028b43a8-a711-4d11-b9d1-d64cd5087f05.AR_IN_1874548_3KZN310LW.xlsx,Акт о расхождениях при приемке товара,-1,
excel_xlsx,32e176a9-75dc-438b-a588-2638296f7be0.Смета ВЕНТИЛЯТОР ЧУсовойxlsx.xlsx,Смета на дополнительные работы по офисам,-1,
excel_xlsx,639dd172-ab74-4849-839c-c108ad97cbab.Акт об оказании услуг № 35 от 31 мая 2026 г.xls,Акт выполненных работ по размещению оборудования,-1,
excel_xlsx,0497e812-179a-4f40-bf51-4475b8435cd9.Приложение к Акту выполненых работ_Основные работы_апрель.xlsx,Учет стоимости уборки салонов связи,-1,
excel_xlsx,2580e44a-68ed-40c6-9e02-809a95d04f49.SI-4918227-8IRK3000SW_CH.xls,Акт приема-передачи антенн,0,"акт, оборудования, приема, акт приема, оборудования акт, передачи, приема передачи, передачи оборудования"
excel_xlsx,8933a353-290c-487f-8a4d-5a2147070558.AR_IN_1862276_3KZN000LWD.xlsx,Акт о расхождении при приемке товара,-1,
excel_xlsx,6432f689-69d8-4419-92e2-3b7014523a8e.ВымпелКом УПД 25412_300426.xlsx,Счет-фактура на поставку товаров,1,"на, счёт, счёт на, на оплату, оплату, счет, фактура, фактура на"
excel_xlsx,8e4ff73e-57c3-43f9-b0ed-7962ba976603.Счет № 20 от 31.05.26г.xlsx,Аренда нежилого помещения за май 2026 года,-1,
excel_xlsx,efbabd5b-fc12-45da-a716-91305e268a70.AR_IN_1860258_40NS320LW.xlsx,Акт о расхождении при приемке товара,-1,
excel_xlsx,353e76a8-80a7-48d4-a41e-320ca9ed20cd.xls,Акт приема-передачи оборудования,0,"акт, оборудования, приема, акт приема, оборудования акт, передачи, приема передачи, передачи оборудования"
excel_xlsx,67fcf060-ef4a-4909-b59a-7d852c60969e.согл.10.06.2026_Сводная смета ТО СОП май 2026г._Красноярск.xlsx,Смета на ремонт и обслуживание офисов,-1,
excel_xlsx,"89f7ff6a-98b7-440d-bd78-2ce019847dfe.Монтаж ЗАЯВКА г. Нижний Новгород, ул. Белинского, д. 63.xlsx",Заказ на монтаж и оборудование видеонаблюдения,-1,
excel_xlsx,9a314129-753f-4d63-a350-ba67b4e930ec.xls,Акт приема-передачи оборудования,0,"акт, оборудования, приема, акт приема, оборудования акт, передачи, приема передачи, передачи оборудования"
excel_xlsx,"a6b29e7f-ddf0-4689-9c39-ae5823bb1bf2.Смета Свердловская обл, Полевской Зеленый бор 1,д. 4а Договору Д 251024 от 04.09.2025.xlsx",Смета на ремонт и поставку оборудования,0,"акт, оборудования, приема, акт приема, оборудования акт, передачи, приема передачи, передачи оборудования"
excel_xlsx,50a96e6e-0866-4c29-a794-27eb2ec2ec59.Акт сдачи приемки.xlsx,Акт сдачи-приемки услуг Билайн,0,"акт, оборудования, приема, акт приема, оборудования акт, передачи, приема передачи, передачи оборудования"
excel_xlsx,0cad238a-2d5e-451f-8b70-b955b502c11d.Отчет о выполненных работах №2  МБС 17013 за период 01.04.2026-30.04.2026.xlsx,Акт выполненных работ по МБС,-1,
excel_xlsx,e0b8afeb-a3e6-417f-ac94-3d1f49a985d8.SO-4958096-8YKT400SW.xls,Акт отгрузки компьютерного оборудования,-1,
excel_xlsx,9ad46a52-37d8-4991-8aaa-85fcdf37e5d8.Счёт 05(02)26.xlsx,Счет на аварийно-восстановительные работы,-1,
excel_xlsx,bc43cd5c-ad59-4c95-9800-0f1568607a74.xls,Акт приема-передачи оборудования,0,"акт, оборудования, приема, акт приема, оборудования акт, передачи, приема передачи, передачи оборудования"
excel_xlsx,484ca527-9fb9-40c2-8ffe-5b4f696c8355.SI-5076981-8HAB300SW_CH.xls,Акт приема-передачи оборудования,0,"акт, оборудования, приема, акт приема, оборудования акт, передачи, приема передачи, передачи оборудования"
excel_xlsx,93cde4b1-8fac-463c-a438-9aebdf1e342a.SI-5096663-8HAB320SW_CH.xls,Акт приема-передачи оборудования,0,"акт, оборудования, приема, акт приема, оборудования акт, передачи, приема передачи, передачи оборудования"
excel_xlsx,4f9e2e3a-ca7e-49be-b830-346e4853dbe5.АКТ к ДС 149-1.xlsx,Акт сдачи-приемки выполненных работ,0,"акт, оборудования, приема, акт приема, оборудования акт, передачи, приема передачи, передачи оборудования"
excel_xlsx,e0ddb3cc-e8d5-4644-a7f5-792d87beef9c.TNN00RUSTA012047 indefinite ОБЩЕСТВО С ОГРАНИЧЕННОЙ ОТВЕТСТВЕННОСТЬЮ  ТЕХНОЛЕД  (2694136)3226604.xlsx,Акт монтажа оптического оборудования,-1,
excel_xlsx,da2a2023-331a-480a-9984-2a6aa115149f.3004-0058 Согл 20.05_Копия Вымпелком ТО СОП_Приморский филиал_апрель 2026.xls,Смета дополнительных работ по ремонту,0,"акт, оборудования, приема, акт приема, оборудования акт, передачи, приема передачи, передачи оборудования"
excel_xlsx,5082d74d-851d-4499-b142-488255778e81.УПД (статус 1) № 286 от 31 августа 2025 г.xls,Счет-фактура на оказание услуг,1,"на, счёт, счёт на, на оплату, оплату, счет, фактура, фактура на"
excel_xlsx,13ad91e0-b709-4e25-af9c-08f335e7aa8b.ВымпелКом акт сверки за 1 кв. 2026г. дог. 12001715.xlsx,Акт сверки взаимных расчетов,-1,
excel_xlsx,5fad84bb-6279-4d10-b7bd-f284bdc00ec6.20260417_YANV_18569177_CH.xls,Акт приема-передачи оборудования,0,"акт, оборудования, приема, акт приема, оборудования акт, передачи, приема передачи, передачи оборудования"
excel_xlsx,13a07240-7fc9-4e66-91c6-400f1abccf7f.! Технический акт АВР по Оплате YOL-2603-AVR-2210-1 Март 2026 Йошкар-Ола.xlsx,Акт аварийно-восстановительных работ,-1,
excel_xlsx,8049b3c7-333c-40ae-8b86-82c56ec3a933.Счет на оплату 072 Вымпел № МС72 от 18.05.2026.xlsx,Счёт на оплату шиномонтажа,-1,
excel_xlsx,7a6b26d3-4403-471c-a5a0-2822f348468c.АКТ №237-ВК-ТВ 22 06 2026  к заявке TVR260616_1765_49.xlsx,Расчет транспортных расходов,-1,
excel_xlsx,f36d1bd2-85ec-4916-8a09-d7ded8fd820f.56475 Смр-Кабельная декабрь 25.xlsx,Расчет платы за электроэнергию,1,"на, счёт, счёт на, на оплату, оплату, счет, фактура, фактура на"
excel_xlsx,79818c5b-8749-488f-9c18-3e567c3b5001.Акт сверки взаимных расчетов № 57 от 27.02.2026.xlsx,Сверка взаимных расчетов между двумя организациями,-1,
excel_xlsx,0d6027d9-22d3-401c-9c67-7e7e25791147.Смета за МАРТ Вымпелком ЛОТ 5 Пермь 2026 г.xlsx,Смета на дополнительные работы,0,"акт, оборудования, приема, акт приема, оборудования акт, передачи, приема передачи, передачи оборудования"
excel_xlsx,621f7226-38c5-4c0e-9995-e22e3d50a6d8.Счет 224 31.01.26 Билайн Барнаул  доп работы.xlsx,Счёт на уборку помещений за январь,-1,
excel_xlsx,bd3b9bca-dc37-4406-a8d9-890c78354e9d.КС 3 № 1 (Сура).xlsx,Справка о стоимости выполненных работ,-1,
excel_xlsx,495fdd76-88b2-400a-b62b-24dca88e32b6.SI-4808988-8IRK3000SW_CH.xls,Акт приема-передачи оборудования,0,"акт, оборудования, приема, акт приема, оборудования акт, передачи, приема передачи, передачи оборудования"
excel_xlsx,f361a078-8c9d-4df3-be3d-1ce94cf1f0ba.Согл 18.06_ Камчатский филиал.xlsx,Сметный отчет на ремонт и обслуживание,-1,
excel_xlsx,90b7e51a-2258-4341-abda-9a9a2739d1c1.02.03. Форма 1.3. Январь 2026.xlsx,Отчет по объемам и доходам связи,-1,
excel_xlsx,e272e2ec-2149-4da9-9634-98de1057b002.УПД Вымпел Ком  март 2026.xls,Счет-фактура на оказание услуг,1,"на, счёт, счёт на, на оплату, оплату, счет, фактура, фактура на"
excel_xlsx,8e676c77-291a-4df4-ab48-2fe9f81b6b33.Счет на оплату № 22 от 23 марта 2026 г.xlsx,Счёт на оплату услуг по подготовке пресс-релизов,1,"на, счёт, счёт на, на оплату, оплату, счет, фактура, фактура на"
excel_xlsx,dd14f836-bcf2-4fb9-9975-19e1233e1d82.Казанский филиал за  Апрель.xls,Смета дополнительных работ для ТЦ,-1,
excel_xlsx,d046ac43-6689-4818-9e1d-df3eef865c2d.Акт_АВР_февраль.xlsx,Акт сдачи-приемки работ по ремонту,0,"акт, оборудования, приема, акт приема, оборудования акт, передачи, приема передачи, передачи оборудования"
excel_xlsx,05ec314e-93fe-4761-8702-8f6ee32095e5.Универсальный корректировочный документ (УКД) с прослеживаемостью № 7664 от 06.04.2026.xlsx,Корректировочный счет-фактура,1,"на, счёт, счёт на, на оплату, оплату, счет, фактура, фактура на"
excel_xlsx,83aa9236-e202-440e-90f9-aa6f38ad8026.SI-4899332-8YKT310SW.xls,Акт приема оборудования и материалов,0,"акт, оборудования, приема, акт приема, оборудования акт, передачи, приема передачи, передачи оборудования"
excel_xlsx,621e3ed2-ee0a-4a4f-9908-aca04b840e6e.Счёт  №61-ВК-НВГ 07 05 2026.xlsx,Счёт на поставку программного обеспечения,-1,
excel_xlsx,08c2c686-17fa-4cb3-9dc8-41002012419c.Счет  513 31.03.26 Билайн Казань.xlsx,Счёт на уборку помещений за март 2026 года,-1,
excel_xlsx,6e47ca3d-7fe9-4510-ba86-ff4b1a23eb00.Смета 396 Орел  за февраль демонтаж наклеек.xlsx,Смета на демонтаж пленки и выезд,-1,
excel_xlsx,19d2e81c-8900-46e5-8ac6-67f484242af2.Акт сверки  ПАО Вымпелком за 1 кв. 2026.xlsx,Сверка взаимных расчетов за первый квартал 2026 года,-1,
excel_xlsx,"eec694f0-b323-4a9f-8355-b563f0a67a60.Вымпелком (367333,69) УПД (статус 2) № 40 от 30 апреля 2026 г.xls",Счет-фактура на поставку товаров,1,"на, счёт, счёт на, на оплату, оплату, счет, фактура, фактура на"
excel_xlsx,5fce017c-d952-453c-a60a-fb2877820b97.15_Шаринг_Акт25.2_МТС 06.03.26_1500139.xlsx,Акт о прекращении доступа к оборудованию,-1,
excel_xlsx,31d6f6f5-5084-44bb-bfcc-ddacab8fe6e5.Акт монтажа Волгоград Т-34_7_ПУ (206).xlsx,Акт монтажа счетчиков электроэнергии,-1,
excel_xlsx,3abb567b-be0a-44af-b5dd-84967a85bc82.РЦ-ДогДКП12-0885-24 ПАО Вымпелком Акт №19 от 30.06.26.xlsx,Акт оказания услуг по размещению ВОЛС,-1,
excel_xlsx,fa0e3a30-6cc9-4c5c-bdfc-46854305d3db.SO-5108467-8MGD320SWB.xls,Акт отгрузки оборудования для базовой станции,-1,
excel_xlsx,9c7fbc42-5ca8-4cee-8a94-1c359484f54d.ТО СКК график 1 пол .xlsx,Список мест проведения ТО,-1,
excel_xlsx,fd94da00-be19-4235-831d-43ef75f8d038.SI-4935154-8IRK310SW_CH.xls,Акт приема-передачи оборудования,0,"акт, оборудования, приема, акт приема, оборудования акт, передачи, приема передачи, передачи оборудования"
excel_xlsx,d9e43838-34d7-4ae9-9fe7-32622e17ff71.AR_SN_REP_162601606_LL_Ms310Wb.xlsx,Акт о рассогласованиях поклажа,-1,
excel_xlsx,9e0d407e-15bb-4c38-abb1-2905c18d8275.Акт №36 РЦ-12-2270-23 ПАО «ВымпелКом» 28.02.26.xlsx,Акт оказания услуг по размещению ВОЛС,-1,
excel_xlsx,2b996703-8d7c-420c-882d-8b192ab5f1f2.xls,Акт приема-передачи оборудования,0,"акт, оборудования, приема, акт приема, оборудования акт, передачи, приема передачи, передачи оборудования"
excel_xlsx,2980c7ca-32e6-4803-8227-c64646e2076b.xls,Акт приема-передачи оборудования,0,"акт, оборудования, приема, акт приема, оборудования акт, передачи, приема передачи, передачи оборудования"
excel_xlsx,ca6f0064-e4bd-44a6-8138-fc4a96f6f331.xls,Акт приема-передачи оборудования,0,"акт, оборудования, приема, акт приема, оборудования акт, передачи, приема передачи, передачи оборудования"
excel_xlsx,7ea831b7-ceb2-4e17-aa49-215c4c91deb9.отчет 0435 от 30.04.26г.xls,Отчет о потребленной электроэнергии,1,"на, счёт, счёт на, на оплату, оплату, счет, фактура, фактура на"
excel_xlsx,b4668e22-94d4-46cf-83f4-d40c53d9ae7a.Счет на оплату 086 Вымпел ларгус № МС86 от 24.06.2026.xlsx,Счёт на оплату автозапчастей и услуг,1,"на, счёт, счёт на, на оплату, оплату, счет, фактура, фактура на"
word,541e866f-f586-4413-be88-6211281c9e72.ДС к договор №74-03-38-162-17 с ПАО _ВымпелКом_ _Тарифы 2026_.docx,Изменение стоимости услуг связи,-1,
word,c64154c3-abe9-4261-a946-be1639bce612.Заявка на ВТК.docx,Выдача пластиковых карт клиенту,-1,
word,29aa81ec-64fd-49d7-a62d-19d362ed4080.Заявление на переоформление (кредит) (2).doc,Заявление на передачу прав по договорам связи,-1,
word,"4cd2c05e-5c05-4457-ac37-55600709034c.БЗ 63 к АР-025_2009_Новомосковская, 12.doc",Заказ на обслуживание волокон,-1,
word,c8ec34dd-9f6b-459a-b2f7-be9ffd878f69.О1Т_20260408_Act_АПП 1-182.docx,Акт приема-передачи оптических волокон,0,"акт, оборудования, приема, акт приема, оборудования акт, передачи, приема передачи, передачи оборудования"
word,54eb6ca0-a7f3-4d4f-8d5f-dac3d206c8e9.Расш-ка_04.2026_ВЫМПЕЛКОМ.doc,Расчет арендной платы за электроэнергию,1,"на, счёт, счёт на, на оплату, оплату, счет, фактура, фактура на"
word,2257c823-7e2b-4952-9c2c-15339b92f349.Pismo_v_VYMPELKOM.docx,Запрос закрытия счета,-1,
word,11e2dbe3-517d-49ee-b5be-8bb5790c68fe.ДС №2 от 24.04.2026  индексация  2026.docx,Дополнительное соглашение к договору аренды,-1,
word,89d29cd1-9a95-45cd-aafd-57ea9c70b63e.Запрос сверки.doc,Запрос акта сверки за 1 квартал 2026 года,-1,
word,9e31680b-1939-4a20-909b-5ddab70ddb30.Уведомление_контрагентам_об_изменении_адреса_Казань.docx,Уведомление об изменении адреса,-1,
word,edcc7a82-096e-42ce-b55a-bad90e25d9fd.Акт подключения к БЗ 343.doc,Акт подключения к услугам связи,-1,
word,76450d3e-f69d-49d5-95ec-1543c16f3d0a.Заявление от 04.05 Вымпелком ЕКБ КЦ.docx,Заявление на отключение услуг связи,-1,
word,53dce64c-7452-4e14-861b-74d067137946.Заявление доступа в ЛКД ZY97 (3).docx,Уведомление о назначении ответственного лица,-1,
word,42798b53-d7e6-4a33-b24c-30d26a71fda8.ЭЭ Вымпелком апрель 2026.docx,Акт снятия показаний счетчиков электричества,-1,
word,"d1313de6-6fd0-47e9-b7f9-f9de4cf04b0e.Демонтаж Д53000_Москва, Большая Черкизовская, д. 3,к.1_12.03.2026.docx",Акт демонтажа и утилизации оборудования,0,"акт, оборудования, приема, акт приема, оборудования акт, передачи, приема передачи, передачи оборудования"
word,8d40e971-2b4c-4ad1-984b-a86c4da34047.Акт ээ февраль.docx,Расчет стоимости потребленной электроэнергии,1,"на, счёт, счёт на, на оплату, оплату, счет, фактура, фактура на"
word,1f0b2a3b-36e9-4765-8b6f-f5da22973ff5.Dop.soglasheniya__PAO_Vympelkom_—_kopiya.doc,Изменение условий договора по НДС,-1,
word,c4323def-cf56-475b-8a3b-e6a7bdadcba7.Отчет Исполнителя_апрель_2026.doc,Отчет об оказании образовательных услуг,-1,
word,"0ef78715-0c38-4ef5-ae70-755fbfef66c1.Акт выполненных  работ  118  г. Магнитогорск, пр. Карла Маркса,74.doc",Акт выполненных работ по поставке,0,"акт, оборудования, приема, акт приема, оборудования акт, передачи, приема передачи, передачи оборудования"
word,410a4ecf-ef1f-4c6a-9a07-6c1c53fd12f4.Форма 28_БС 28846.docx,Акт допуска электроустановки к эксплуатации,-1,
word,09494ce2-c625-4a23-b9e8-6c670aee698c.PJSC_AT201035588_00F6434921300M_658466.00.docx,Выплата бонуса поставщику за объем,-1,
word,1682f641-d499-408a-ad60-e70a326bad05.Акт сдачи-приемки на 16.03.2026.odt,Акт оплаты услуг техподдержки оборудования,-1,
word,c98af85e-3e5b-4ddd-9b82-3c8767b80e36.Акт сдачи-приёмки 62 Админ Вологда-Череповец .docx,Акт сдачи-приемки услуг уборки помещений,0,"акт, оборудования, приема, акт приема, оборудования акт, передачи, приема передачи, передачи оборудования"
word,d4bb7b06-0acd-474f-967e-bef5dc7eaffb.Справка-расчет 2026.01+4593дог вымпелком.odt,Расчет потребления электроэнергии за январь,1,"на, счёт, счёт на, на оплату, оплату, счет, фактура, фактура на"
word,35b5ce3d-565f-4de1-a19c-c371e2e1463b.ASL invoice 9229501290_ЗАК2-бн_ASL-SC-CR-172-2026_USD.doc,Счёт на услуги по доработке системы управления,-1,
word,c063217d-5b68-4e92-8c7c-a3d54051b86a.акт зачета.docx,Акт зачета вознаграждения за февраль 2026 года,-1,
word,5f00190b-bbfc-4e79-8bb3-26930ce727ad.РТК_ДС45 к дог.22737.docx,Дополнительное соглашение к договору о кабельной канализации,-1,
word,2414f11d-9c14-4265-b327-05a019d88d5e.Счет на оплату № 14 от 31 мая 2026 г.docx,Счёт на оплату аренды,1,"на, счёт, счёт на, на оплату, оплату, счет, фактура, фактура на"
word,d2239af0-53af-4ed9-919f-7c158f5c8dbc.Акт сдачи-приемки оборудования Заказ №1689.docx,Акт сдачи-приемки оборудования,0,"акт, оборудования, приема, акт приема, оборудования акт, передачи, приема передачи, передачи оборудования"
word,ae3d6d18-07ad-4c24-b967-63368189122c.Счет за февраль 2 2026 Рахлин  А.В.doc,Счёт на агентское вознаграждение,-1,
word,8249bce9-0571-452d-88af-a501cba786c0.ПСДЦ 1603-6.docx,Дополнительное соглашение на перенос ЩУ,-1,
word,a2290181-056f-44a5-8e3a-e3cc7f6d918f.АктСверки_202603_7713076301-301545013_ПАО__Вымпел_коммуник.rtf,Сверка задолженности по услугам связи,-1,
word,cd7a57b1-7c26-431c-83d1-f97524bedf81.Акт об оказании услуг № 3 от 31 января 2026 г.docx,Акт выполненных услуг по показаниям счетчиков,-1,
word,d9af389c-bdf3-42e2-aaed-c578dcc2cb49.PJSC_AT201034539_00F6434919640M_1227250.0.docx,Выплата бонуса поставщику за объем,-1,
word,3d3d136a-a835-4dee-b8a5-1978332d4c1d.Заказ №1663.docx,Заказ на услуги связи,-1,
word,7a7c124e-5ab2-4474-8345-bc29a2eac67d.Акт билайн апрель 2026.docx,Акт сдачи-приемки услуг размещения оборудования,0,"акт, оборудования, приема, акт приема, оборудования акт, передачи, приема передачи, передачи оборудования"
word,f9047b25-2408-4833-9865-a3737e0c72b2.ДС Вымпелком НДС 22%.docx,Дополнительное соглашение к договору на услуги связи,-1,
word,b6263342-af09-4636-95bb-afdf021f33ef.Акт к БЗ 439 от 17.02.2026.doc,Акт начала оказания услуг связи,-1,
word,"27cdd8ad-e88a-47d0-b696-2d685e453120.Бланки заказа. Интернет, телефония №БН от 01.01.2026 с ВЫМПЕЛКОМ ПАО _Индексация тарифного плана_РЦ Иркутск (Иркутская обл., г. Иркутск, Станция Горка, д. 8)_.doc",Заказ на услугу IP VPN,-1,
word,efc99e1f-a2af-4a24-b57b-1da1bdf288d3.26-06-15_VYMPELKOM_PAO_U78CW_(Oborudovanie)_BDA.docx,Договор аренды нежилого помещения,-1,
word,c10002e3-4bc3-4846-a6ec-4cb73a03fa72.Schet_Monobrend.rtf,Счёт на курьерскую доставку,-1,
word,a868a039-bcff-4b3b-8d69-99f4da9ab37f.АктСверки_202603_7713076301-230845023_ПАО_ВымпелКом.rtf,Сверка задолженности по услугам связи,-1,
word,52a3f1dd-1b9b-4a2a-b690-e80a0784ebe1.Приложение 1_Временный порядок финзакрытия работ_на опорах НБК_v4_ГП 45825.docx,Гарантийное письмо на выполнение работ,-1,
word,935ccca9-d747-4b91-b2cf-6fb94deba6ba.Форма 28_БС 10749.doc,Акт допуска электроустановки к эксплуатации,-1,
word,02df7209-5e4f-4b06-aab1-c7c84c7d1937.АТМ.docx,Заявление о предоставлении сведений о пользователях,-1,
word,1aed95d1-bdaf-47bf-b6e2-312c1e50e615.Акт сдачи-приемки оказанных услуг (Форма 4) № БУ-126 от 28.02.2026.docx,Акт сдачи-приемки услуг Билайн,0,"акт, оборудования, приема, акт приема, оборудования акт, передачи, приема передачи, передачи оборудования"
word,31ccab5f-13b4-4c46-847c-d0f372e4fdc7.Запрос на акт сверки.docx,Запрос о сверке расчетов,-1,
word,d6788855-e3f8-41ef-b306-4d47c6793b70.Карточка предприятия Ковальчук ИП.docx,Карточка предприятия питомника,-1,
word,4ac16881-bab5-437a-9b75-acbbccfe71c8.АктСверки_202512_7713076301-346045021_пао_вымпелком.rtf,Сверка расчетов между операторами связи,-1,
word,6cf3a768-4f57-47cd-a72a-de6f9216c672.Эл. эн. акт Билайн.docx,Акт замера электроэнергии за март 2026 года,-1,
word,"5bfb5e8f-6358-4241-aac6-bc3672cab09c.Приложение №7 ФК_122008 г. Воткинск, ул. 1 Мая, д. 108.docx",Акт монтажа оборудования и материалов,0,"акт, оборудования, приема, акт приема, оборудования акт, передачи, приема передачи, передачи оборудования"
word,c6ae7258-b736-40c4-b12b-ae5f4343f089.Уведомление НДС.docx,Уведомление об изменении ставки НДС,-1,
word,"d591e25a-7038-4c99-8f77-cc5a7598d6b6.Демонтаж 7M19000 г. Новосибирск, улица Петухова, дом73_09.04.2026.docx",Акт демонтажа и утилизации оборудования,0,"акт, оборудования, приема, акт приема, оборудования акт, передачи, приема передачи, передачи оборудования"
word,9495d128-44a2-49f5-b056-e2f8dc5d5b07.Заявка Заказ 4.docx,Заказ обучения по первой помощи,-1,
word,59978b99-923e-4d0f-8cba-62591f28501f.БЗ № 20 от 16.06.2026.docx,Заказ на канал связи,-1,
word,9fa69ff5-f24c-4e83-9095-4dedf53f04b1.Уведомление о переходе на НДС 5%.docx,Уведомление о переходе на НДС,-1,
word,7065aeb9-9bc9-4f76-baf9-30bab2f564f5.Уведомление о смене Юридического адреса 23-06-26.docx,Уведомление об изменении адреса,-1,
word,b5173f08-4a6d-42d2-944b-5da0ec932a24.Договор № ХФ-1_2026-Опоры_Харпичан_правки ВК.doc,Договор аренды мест на опорах,-1,
word,5ee185ef-8175-4cd8-bc71-200f8f3e7af9.Апрель.doc,Уведомление об удержании вознаграждения,-1,
word,18f05f8c-5d7a-429d-ae7d-b3ab61a1ebe2.Акт ТО Калмыкия март 2026_2275460.docx,Акт сдачи-приемки работ по техническому обслуживанию ВОЛС,0,"акт, оборудования, приема, акт приема, оборудования акт, передачи, приема передачи, передачи оборудования"
word,40bf543f-7093-4c03-aa31-b6bf8ebebafe.26907 Журнал прокладки кабелей.docx,Журнал прокладки кабелей,-1,
word,034dd648-bf8d-4c39-8c9e-d785471fae93.счет на оплату №50506-2017.RTF,Оплата услуг размещения АФУ,-1,
word,"11ea5ff0-4d2c-47d8-be73-a79ce444c5e0.Приложение 7.1 г. Екатеринбург, ул. Восточная, д. 158.docx",Акт демонтажа видеонаблюдения,-1,
word,18cddacf-63e2-4082-aec6-c4ac9c1a302f.Информационное письмо.docx,Изменение статуса плательщика НДС,-1,
word,"54988cd4-176f-4b8e-985a-cc55c5580256.Приложение 7.1 г. Тобольск, 7 микрорайон, № 30, ТРЦ Жемчужина Сибир.docx",Акт демонтажа видеонаблюдения,-1,
word,efc07511-5c74-457e-baf1-9cd13573ead4.Акт МХ-1 №АП-1865230-LL_HQ930Wb от 27.03.26.docx,Акт приемки маршрутизаторов,-1,
word,bbd4f2f4-c817-4b04-97ca-ae5213a390cd.1.3. ВымпелКом Контрагенты письмо-подтверждение.docx,Запрос подтверждения задолженности,-1,
word,7f48854e-8d79-477d-888a-f2c11049c7e6.Уведомление о предоставлении доступа к Новому ДОЛ ИП Пагалов И.А.-АК-110 от 02.03.2026 г..doc,Уведомление о назначении ответственного лица,-1,
word,b330f508-f4cb-4599-926c-dc950cbea5d2.Детализация.docx,Детализация дебиторской задолженности,-1,
word,b58ddff6-636d-4b72-ae51-c17209d5950b.Уведомление дог. 34-19_ТД от 01.07.2019.docx,Уведомление об изменении договора,-1,
word,c1934343-d833-499a-a274-c86174a9f818.ГП_по_БС_2879_Кострома_ООО_Паритет.docx,Гарантийное письмо на выполнение работ,-1,
word,2bf03219-4233-4bc3-b8d0-6c3cf91bf130.Заявление на предоставление персональных данных.docx,Заявление о предоставлении сведений о пользователях,-1,
word,732a6a76-a5f0-4a58-a444-847c54b33222.Паспорт канала Заказ №1722.docx,Паспорт канала для монтажа оборудования,-1,
word,5a03d3e3-5d1d-449c-90e6-1f3c2ffb1e9d.Вымпелком 362992.docx,Счёт на услуги связи за июнь 2026 года,-1,
word,12684de8-bd6e-4a80-bcc6-0c17fb53286d.Письмо о смене ГД 2026_Макаров.docx,Изменение Генерального директора,-1,
word,f701d249-534d-450c-9107-851c8ad90379.Заявка Заказ 9.docx,Заказ обучения по охране труда,-1,
word,183525ee-0b72-4fd7-91b7-b0c83d6ca5c1.Акт об оказании услуг № 127 от 31 октября 2025 г.docx,Акт компенсации расходов на электроэнергию,-1,
word,5ef0e7da-3e8f-47c4-9191-4615fc21768e.удаление_объектов_170007_ЭО_313.docx,Изменение договора энергоснабжения,-1,
word,1dc320c2-ad6c-4944-8204-45bbbe099c01.03.2023 акт.rtf,Акт выполненных работ по телекоммуникационным ресурсам,0,"акт, оборудования, приема, акт приема, оборудования акт, передачи, приема передачи, передачи оборудования"
word,fb9c6110-c49b-42bf-87d1-af6ddad4b8ee.ДС № 43 к дог. 628.docx,Дополнительное соглашение на размещение кабеля,-1,
word,bc04ef7b-f0e8-47ab-8d2b-619cdc82a9b4.АКТ ВЫМПЕЛКОМ № 483 .docx,Акт сдачи-приемки услуг по обеспечению размещения оборудования,0,"акт, оборудования, приема, акт приема, оборудования акт, передачи, приема передачи, передачи оборудования"
word,1397e026-689b-4d7a-bc05-78207ac2395d.Акт возврата оборудования Заказ №1590.1.docx,Акт возврата сетевого оборудования,-1,
word,228f9b2d-295d-4fd6-b8b7-74af89610960.Акт выполненных работ №77.doc,Акт приемки выполненных работ,0,"акт, оборудования, приема, акт приема, оборудования акт, передачи, приема передачи, передачи оборудования"
word,6c506149-b893-4543-99ab-8d416da0f8f3.Уведомление Камаспринг.docx,Переключение на СБИС,-1,
word,ff14a337-e8ba-447e-9711-d11e74be6766.ОТЧЕТ О РЕАЛИЗОВАННЫХ УСЛУГАХ.docx,Отчет о реализации телекоммуникационных услуг,-1,
word,929170f4-7678-45b1-9c80-5bda711879ee.Иркутск допл 2025.docx,Акт сдачи-приемки услуг по техническому обслуживанию,0,"акт, оборудования, приема, акт приема, оборудования акт, передачи, приема передачи, передачи оборудования"
word,8b9b79dd-dae9-432e-b12c-90397062e60b.26931 Ведомость изменений и отступлений от проекта.docx,Ведомость изменений проекта,-1,
word,05f72aec-7481-4b78-b034-d37df1f1e7d1.Акт возврата оборудования Заказ №1455.4.docx,Акт возврата сетевого оборудования,-1,
word,0ad63e18-a93b-4a0a-9fe1-d8f53a05a1b6.Заявление на расторжение  U11QN.docx,Заявление на расторжение договора связи,-1,
word,22d6f9ec-5f27-4264-84e6-7dffb8daef68.Акт_для_БЗ_32235_оказания_услуг.docx,Акт начала оказания услуг,-1,
word,78ead6f9-9355-425a-8c47-6c3a8050a871.АктСверки_202603_7713076301-263545005_ПАО__ВымпелКом.rtf,Акт сверки задолженности по услугам связи,-1,
word,4da5decf-389d-411e-99c5-d86856ee4178.а10 пож проф.docx,Акт выполненных услуг по переподготовке,-1,
word,1c1b284c-5216-42c5-9ecb-cbb7c9b426fe.письмо о смене ген директора_2 (002).doc,Смена генерального директора ООО Б4Линк,-1,
word,c4319bca-9fb3-48f9-bb01-460bfc76d562.Февраль ВК Мошково.docx,Расчет переменной платы за электроэнергию,1,"на, счёт, счёт на, на оплату, оплату, счет, фактура, фактура на"
word,899d0b28-74d0-4964-8806-4a67522c5be7.Акт выполненных Работ № 81.1 к Заказу №81.docx,Акт выполненных телеком работ,-1,
word,52b02b11-3fd5-4202-8232-adcc0643359e.Исходящий счет на оплату № 436 от 31.03.2026.docx,Счет на оплату уборки помещений,-1,
word,f5e0b777-4d5b-4767-ba85-5f788d230020.ДС 4 09.02.2026.doc,Изменение стоимости услуг связи,-1,
word,5bca98b9-6296-4f05-b67e-b550d0b184e5.Акт сдачи-приемки оказанных услуг (Форма 4) № БУ-301 от 31.05.2026.docx,Акт сдачи-приемки услуг Билайн,0,"акт, оборудования, приема, акт приема, оборудования акт, передачи, приема передачи, передачи оборудования"
word,91843312-a4cb-463f-92e6-75fcb13d4883.Акт оказанных услуг платного проезда ПАО «ВымпелКом» 01.02-28.02.2026.doc,Акт оплаты проезда на платных дорогах,-1,
word,6f8127f9-e1f6-4a70-a4eb-27fcde1b5722.Счет на оплату_(ЦДК-Дпром-20-1).doc,Счёт на участие в выставке,-1,
word,5e42da30-0130-4eff-bf3e-9e4fbcbf9046.БЗ 608  Уфа Айская 61_V1.doc,Заказ на выделенный доступ к интернету,-1,
word,f725cb8b-bbb6-4658-be0b-de3b837c104c.ДС 9_2 Нагорена от 25.05.2026.doc,Аренда цифрового канала связи,-1,
word,fd5ffcbd-1f77-4e75-bc62-c1d4a25cdedc.Акт сдачи-приемки № ТГ24-041.doc,Акт сдачи-приемки строительства ВОЛС,0,"акт, оборудования, приема, акт приема, оборудования акт, передачи, приема передачи, передачи оборудования"
word,5302ee60-19d3-4255-b1e5-073d19a18ff5.Акт к БЗ_95-Юг_Зеленчукская_B88F6119-80F9-418C-9961-A3B48C5B2160.doc,Акт сдачи-приемки ЦКС связи,-1,
word,f4e9170b-7210-4e71-951c-6153021bb213.Запрос актов сверки Хайп.docx,Запрос актов сверки за 2025 и 2026 годы,-1,
word,d8a74fdb-fa3a-4ff5-998a-eb502fec5504.акт 12 от 31.01.2026.docx,Акт выполненных услуг по размещению,-1,
word,ed763110-fc3a-4c79-9b4a-17f2892a4190.ДС №9 Иса.docx,Изменение договора оказания услуг,-1,
word,036545ad-13ae-4c71-bb5e-98adb26275c1.Счет от 28.02.2026.odt,Счёт на услуги связи,1,"на, счёт, счёт на, на оплату, оплату, счет, фактура, фактура на"
word,a4dd302b-3a5b-47f7-aa2a-4af8841606be.GP235_za_mart_2026_Akt_sdachi-priemki_okazannykh_uslug.docx,Акт оплаты агентского вознаграждения,-1,
word,b30d7a3c-59f1-4cfc-8c8b-7ed181136027.Акт_5_2026.docx,Акт оказания услуг связи,-1,
word,4df1871b-305a-47bf-8a45-a14d564a940e.Акт 22_4.docx,Акт начала услуг по пропуску трафика,-1,
word,32fc1086-f648-4d81-bf5e-d7944618cfb8.акт сдачи-приемки О515ЕУ761 от 15.04.docx,Акт сдачи-приемки ремонта автомобилей,0,"акт, оборудования, приема, акт приема, оборудования акт, передачи, приема передачи, передачи оборудования"
word,eec5cdef-b7ea-4010-bb07-9d9422f14418.Приложение № 3 Демонтаж Сочи (МЧД).doc,Акт демонтажа оборудования РТРС и ВымпелКом,-1,
word,764c2a5f-9f98-4e51-a18b-37c45c2d678d.Лента__прил 31 М2М 2.0 3.2 сим.doc,Приложение к договору услуг связи,-1,
word,4ad7a56a-57be-42b0-9190-41fec9b299fa.ВымпелКом (000062710).docx,Дополнительное соглашение к договору,-1,
word,d5a508d1-47d2-41a3-b2e9-6c18ae546ad6.4385558_7713076301_771301001_Счет №138438-12_25-4385558.docx,Счёт на оплату услуги обращения с ТКО,1,"на, счёт, счёт на, на оплату, оплату, счет, фактура, фактура на"
word,5083710d-8bcb-4218-8438-2bbcf337ee35.Вымпелком Гагарина май.docx,Акт компенсации коммунальных услуг,-1,
word,5f1917e4-33d4-40fc-b720-95a7783ea582.Акт_Вымпелком_МКК Корона_59_31052026.docx,Акт оказания услуг по организации обмена данными,-1,
word,7ed62006-2332-4361-b2c7-dc0ad39d681a.Приложение № 3 Демонтаж Красный Кут.doc,Акт демонтажа телекоммуникационного оборудования,0,"акт, оборудования, приема, акт приема, оборудования акт, передачи, приема передачи, передачи оборудования"
word,62763d3e-e3ee-4a26-bb5c-666ce04f1856.справка.docx,Справка о тарифе на электричество за апрель 2026 года,-1,
word,4afab0c1-0d8e-4ed6-b620-382835ef5ecb.Запрос акта сверки за 2025 и январь 2026.docx,Просьба прислать акты сверки,-1,
word,29a13be9-b249-477a-9ef8-fcc7ca6dbc14.ПРА Вымпелком ДС №5 к Договору № 550727154 от 27.02.2015 г.docx,Продление срока действия договора,-1,
word,a41dc6af-5013-464f-be2b-e9478497b943.Письмо (1).docx,Уведомление о расторжении договора,-1,
word,49ea4be5-50fe-4faa-bb03-5885272a4005.БЗ №548 Мск Кадырова 1_v1.doc,Заказ на выделенный доступ к интернету,-1,
